Temp,Humidity,SoilMoisture,Rainfall,pH
21,55,86,1957,7
20,56,90,1666,7
21,56,93,1482,7
22,57,86,2133,7
24,58,99,1492,6
20,56,89,1659,7
22,56,97,1667,6
24,56,93,1945,7
25,57,96,1205,7
25,57,85,2101,7
21,57,100,1652,7
21,56,98,1121,7
23,55,86,1171,6
23,55,88,1471,7
25,55,89,2077,7
22,55,99,1279,7
21,57,100,2083,6
25,58,86,1673,7
22,56,92,1892,7
22,55,87,1803,6
24,56,85,1686,7
21,56,93,1410,7
20,56,98,2110,7
24,57,100,1821,7
20,56,92,1276,6
21,58,85,1259,7
22,57,91,2032,6
21,56,86,1232,6
24,55,85,1549,6
24,55,93,2014,7
22,56,90,1904,7
22,55,97,1435,6
21,56,99,1661,6
23,58,99,1355,6
23,55,98,1794,7
20,55,92,1353,6
20,57,89,1353,7
25,58,95,1701,6
23,58,93,1683,7
23,58,100,1585,6
20,56,91,2151,6
20,55,100,1662,7
24,55,91,2108,7
24,56,85,1976,6
24,55,96,1912,7
24,58,100,1819,6
25,58,86,1100,6
21,56,95,2151,7
21,56,93,1128,7
23,57,97,2058,6
25,58,92,1310,6
22,58,98,1704,7
23,58,89,1776,6
22,57,96,2020,7
23,55,96,1827,7
21,55,100,1446,6
24,58,96,1675,6
25,55,97,1664,6
24,57,87,1951,7
23,57,87,1896,7
20,56,100,1482,6
23,57,99,1940,6
23,56,96,1853,7
25,56,97,2010,6
24,57,98,1140,7
20,56,86,1587,6
22,56,91,2028,6
23,56,93,2016,7
21,58,87,1749,7
23,58,99,1523,7
22,57,96,1941,7
22,57,94,1333,7
21,56,96,1527,6
25,55,94,1268,6
24,56,92,1246,7
22,56,97,1186,7
23,58,95,1309,6
22,56,90,1793,7
22,58,86,1640,6
20,58,96,1192,7
25,55,99,1435,6
22,58,87,1555,7
22,56,95,1889,7
24,58,97,2131,6
25,56,90,1866,7
22,55,100,2079,7
20,57,88,1370,7
23,57,85,1516,7
24,57,85,1712,6
22,57,91,2010,7
24,58,100,1108,6
23,57,97,1639,7
24,57,92,1469,7
22,55,88,2162,6
25,55,94,1451,7
20,57,87,1700,6
22,56,96,1211,7
22,56,94,1833,6
22,57,95,2137,7
23,55,87,1898,6
24,58,86,1481,7
25,55,88,2077,7
25,56,86,1984,6
25,55,85,1394,7
24,56,99,2108,7
24,57,99,2171,7
22,58,98,2136,7
22,57,100,2156,6
20,58,96,1155,6
24,58,92,1854,7
23,56,85,1696,7
25,58,95,2152,6
22,56,91,1582,6
21,56,88,1688,6
24,55,99,1815,6
23,55,100,1754,6
25,56,99,1858,6
22,58,88,2156,6
25,56,88,1717,7
25,55,91,1802,7
23,57,96,1465,6
23,58,99,1597,7
24,55,95,1941,6
24,55,94,1189,7
23,57,86,1127,7
25,58,95,1871,7
25,58,97,2035,7
25,57,97,1719,6
22,57,88,2063,6
22,58,86,1693,6
25,57,98,1499,6
24,57,95,1607,7
25,58,85,1965,7
25,58,97,2137,6
25,58,95,2036,6
25,58,90,1441,6
25,56,100,1344,6
23,58,85,1842,7
21,56,95,1576,7
23,57,88,1529,7
23,57,100,1685,6
23,58,89,1331,6
25,56,99,2048,7
23,58,86,1581,7
24,56,85,1557,6
20,56,98,1673,7
24,57,93,1684,6
25,55,93,1939,7
25,57,95,1531,7
20,57,100,1542,7
22,56,98,2165,7
21,56,100,1631,7
23,55,87,1733,7
21,56,91,2132,7
23,57,86,1529,7
23,57,88,1787,6
20,55,90,2004,7
20,55,93,1317,6
25,57,86,1647,7
25,55,99,1757,6
24,57,95,1104,7
24,55,87,1675,7
23,57,94,1853,7
25,55,94,1505,7
23,57,93,1312,7
24,58,92,1194,6
23,55,90,1369,7
22,55,91,1931,7
22,58,98,1371,6
23,56,87,1211,7
22,57,93,1309,7
20,58,86,1641,6
24,56,92,1602,7
23,57,100,1787,6
20,58,100,1400,6
22,55,86,1422,7
20,58,91,2112,6
20,58,96,1972,6
24,56,90,1245,7
22,55,87,1916,7
20,56,97,2032,6
20,57,98,1511,7
23,55,92,1960,7
22,56,95,2173,6
22,57,92,1767,6
22,55,99,1223,6
24,56,95,1208,6
25,57,94,1390,7
22,57,96,1179,7
23,56,87,1423,6
24,55,96,1504,6
20,55,94,1188,6
21,57,89,2200,7
20,55,93,2018,6
20,55,92,1347,6
25,55,100,2105,6
22,55,99,2161,7
23,55,94,1352,7
22,57,93,1950,7
25,58,99,1437,7
21,58,95,1932,6
21,58,93,2095,6
25,57,98,2011,6
21,58,86,1945,6
24,56,96,1560,6
23,58,88,2055,6
20,57,98,1812,6
24,55,94,1525,6
24,55,86,2076,6
25,57,98,1705,6
21,58,93,1195,6
22,58,85,1872,7
25,58,91,1557,7
25,55,86,1449,7
24,57,100,1788,6
24,57,89,1624,7
25,58,88,1444,6
21,57,87,1700,7
24,55,91,1581,7
25,57,100,1988,6
20,55,86,1265,7
23,55,92,1732,6
24,56,89,2117,7
22,55,85,1141,6
22,55,90,1671,6
25,55,100,1558,7
22,55,96,1314,7
22,55,92,1868,6
25,58,92,1901,6
20,57,87,1692,7
25,55,87,1194,7
24,56,94,2088,6
22,56,85,2160,7
22,57,99,1232,7
21,57,86,1267,7
22,56,98,1200,7
25,58,93,1534,7
24,55,90,2007,7
22,58,85,1547,6
23,57,86,1404,7
22,55,91,1391,6
23,55,85,1614,7
21,56,100,1522,6
21,58,95,2150,7
25,58,96,1423,7
23,55,90,1274,7
24,55,85,1641,6
23,58,88,1810,7
22,56,88,2074,7
20,57,98,1429,6
23,55,87,1699,7
24,58,89,1208,7
23,58,91,1198,6
22,55,98,1909,6
20,58,88,1650,7
25,58,87,1387,7
20,58,100,1967,6
25,56,96,1926,7
22,57,98,1843,6
24,57,98,1978,6
20,57,89,1477,6
21,55,93,1405,6
25,56,90,1382,7
25,58,97,2194,6
24,57,91,1743,7
24,55,97,1792,7
22,55,95,1728,7
20,55,88,1924,7
25,58,95,2189,7
25,56,99,1592,6
24,57,86,1199,7
22,55,91,1929,6
24,55,87,1495,7
21,58,89,1867,6
24,58,89,1727,7
25,55,96,1728,7
21,55,90,2144,6
21,55,100,1828,6
24,58,94,1227,7
25,57,86,2054,7
22,58,98,1735,7
20,58,97,1497,6
25,55,93,1139,7
21,58,91,1678,6
20,58,88,1289,6
23,57,95,1377,6
23,56,86,2101,6
24,56,91,1188,6
22,58,97,2115,7
21,58,92,1251,7
20,56,95,1947,6
24,55,85,1145,6
21,58,88,1506,7
24,57,92,2055,6
24,58,90,1874,7
25,55,87,1291,6
20,55,92,2135,7
25,58,95,1529,7
24,58,86,2137,7
25,57,98,1286,7
20,57,88,1447,7
22,55,99,1594,7
23,55,90,2011,7
22,57,91,1302,6
21,58,85,1840,7
25,58,89,1314,7
24,57,100,1581,6
23,57,92,1783,6
22,55,94,2133,7
23,56,85,1277,6
21,57,96,2046,6
21,56,88,1551,7
25,58,100,1207,6
21,56,93,1652,6
24,58,90,1395,7
24,55,86,1363,6
23,56,98,1413,7
20,57,87,1878,6
22,56,88,1547,7
21,58,94,1156,6
24,57,96,1717,7
21,58,91,1221,6
22,55,94,2014,6
24,55,94,1511,7
21,55,92,1813,6
25,58,96,2068,6
23,55,99,1337,7
24,56,87,1441,7
24,57,91,1652,7
20,56,93,1532,7
23,57,93,1800,7
24,56,89,2020,7
25,58,97,1841,7
23,57,98,2129,7
20,56,87,1560,6
23,57,91,1989,7
20,57,99,1394,6
22,56,90,2105,6
22,56,86,1709,6
20,58,95,2009,6
25,58,91,2153,7
23,55,100,1595,6
25,55,93,1826,6
22,57,96,2092,6
23,56,91,1124,7
22,55,87,1626,6
23,56,89,1183,6
24,56,100,1195,6
24,55,88,1694,7
22,58,96,1168,7
20,55,95,1240,6
20,57,88,1929,6
25,56,87,1418,6
25,55,93,1726,6
21,56,98,2161,6
25,58,92,1388,6
23,55,96,1655,7
22,58,98,1928,7
23,58,98,2096,7
24,58,96,1411,6
22,56,86,2043,6
23,55,91,1238,6
20,57,85,2079,6
21,55,85,1399,7
23,57,93,1711,7
24,56,96,1896,6
22,57,96,1830,7
21,56,100,1233,7
23,55,91,1813,7
22,55,93,1215,6
21,55,100,1219,7
24,55,98,1375,6
20,55,88,2194,6
22,55,89,2084,6
20,58,95,1380,6
25,56,97,1945,7
21,58,88,1673,6
22,58,100,2094,7
21,57,88,2179,6
24,55,99,1506,7
21,58,93,1672,6
21,55,95,2009,7
23,55,86,1871,7
20,58,86,1908,7
23,55,93,1949,6
25,57,87,1992,6
23,58,88,1981,6
21,58,89,2178,6
20,57,91,1220,6
24,57,94,1525,6
23,58,88,2112,6
22,56,95,2168,7
23,58,92,2020,7
21,57,87,1723,6
25,57,98,1434,7
24,58,86,1995,7
24,55,100,2027,6
23,58,90,1700,7
25,55,96,1905,7
25,70,79,389,6
25,65,75,330,5
23,65,77,232,7
25,65,90,328,6
25,75,79,287,7
24,71,87,243,5
24,65,86,243,7
23,69,72,342,7
25,75,84,286,5
24,71,78,256,7
25,65,80,389,6
23,74,90,374,7
25,73,73,229,6
25,73,80,268,7
24,66,78,373,6
25,74,75,355,7
25,70,77,305,7
25,72,74,246,6
24,70,80,236,7
25,67,83,307,7
25,70,70,335,6
24,72,85,321,7
23,73,82,358,5
25,73,71,357,7
25,71,84,329,6
24,65,73,347,6
23,73,75,379,5
24,70,82,268,5
25,71,83,318,5
25,70,88,263,7
25,68,79,277,5
23,73,74,379,7
25,72,75,207,6
25,74,76,274,7
25,75,75,350,6
24,65,83,271,7
25,75,80,345,5
24,67,79,241,5
25,75,75,278,5
23,69,72,377,7
25,74,81,221,6
24,68,77,285,7
24,72,73,208,5
25,74,74,265,7
25,65,78,279,6
24,72,86,380,5
23,75,78,233,7
25,71,76,322,5
23,72,77,355,7
23,66,87,223,7
23,73,74,396,7
25,75,89,383,5
23,68,85,380,7
24,68,79,261,7
25,68,87,377,7
24,74,71,259,6
23,70,73,380,7
23,65,72,214,7
23,65,74,344,6
24,70,86,354,7
25,69,90,269,5
25,68,78,312,6
24,71,81,218,5
24,73,70,263,7
23,65,75,276,6
24,69,73,323,7
25,74,89,247,7
25,68,71,323,6
24,72,76,351,6
23,74,81,348,5
23,66,86,331,5
24,69,75,203,7
24,66,73,328,5
24,65,83,222,6
23,75,73,263,5
25,68,71,290,6
25,70,70,290,7
23,65,71,285,7
23,69,84,243,6
23,70,83,246,6
24,67,84,378,5
24,71,73,204,6
24,67,84,223,6
25,75,87,244,5
24,72,74,399,6
25,66,89,336,7
23,66,76,392,7
24,69,73,286,6
25,74,77,326,7
24,73,84,298,7
23,71,75,379,6
25,70,79,381,6
25,66,79,209,7
23,66,71,302,7
23,75,73,225,5
25,69,71,345,7
23,74,80,320,5
25,70,70,373,5
24,72,73,377,7
25,68,83,349,6
24,70,89,234,6
24,68,71,216,5
23,70,90,302,6
23,66,76,283,7
23,66,73,312,7
25,74,83,291,7
25,75,70,377,7
25,73,81,231,6
24,67,74,367,7
25,73,87,342,6
25,75,75,374,6
24,75,80,308,7
24,69,78,376,5
24,72,78,291,5
24,65,80,386,5
23,69,80,214,6
25,70,86,377,7
24,69,83,344,6
23,72,70,251,5
24,70,78,268,7
23,73,83,331,7
23,65,78,304,7
24,74,78,387,7
24,70,82,382,6
25,68,82,348,7
23,67,70,294,6
25,74,89,331,6
24,67,82,292,7
23,71,89,350,6
23,74,76,252,7
23,67,89,323,6
23,73,76,284,7
23,71,88,398,7
24,69,89,226,6
23,65,85,372,6
24,71,72,278,5
25,72,79,354,5
25,73,85,297,5
25,75,84,235,7
23,67,74,263,5
23,71,73,316,6
24,74,85,261,6
25,70,75,237,7
25,75,80,384,6
23,69,81,395,6
23,69,76,389,6
25,70,70,220,6
24,69,88,368,5
24,67,88,360,7
25,73,87,342,6
23,71,74,302,7
24,70,75,400,5
23,70,87,306,6
25,68,88,386,7
23,73,89,396,7
23,75,71,294,5
24,68,87,395,5
25,74,90,370,7
23,68,89,391,7
23,65,78,324,6
24,68,81,318,6
24,68,90,317,7
25,75,80,233,5
25,70,75,389,5
23,67,86,204,5
25,70,80,244,5
25,69,82,320,5
24,75,85,310,5
23,72,76,200,7
25,70,90,261,6
25,69,75,241,5
25,74,88,251,5
25,74,90,305,7
23,69,90,275,7
25,67,83,301,5
25,74,87,333,5
24,71,71,255,5
24,68,70,294,7
23,72,85,226,6
24,66,78,256,7
23,70,86,308,7
24,75,83,226,7
25,67,81,399,5
24,71,76,216,5
23,75,76,355,6
23,65,71,212,6
25,75,88,348,6
23,74,70,295,7
25,69,74,230,7
25,75,81,225,7
23,73,84,369,6
24,72,88,374,6
24,71,78,202,5
25,67,73,299,7
23,69,71,372,7
23,75,80,302,7
24,69,86,205,6
25,72,80,210,7
25,69,72,334,6
24,65,74,344,6
23,70,72,397,7
24,66,80,257,6
25,71,86,388,6
25,70,76,375,7
24,68,83,385,7
25,68,87,203,6
25,69,70,289,6
24,65,77,277,5
23,74,70,285,6
25,70,87,233,6
23,67,89,389,6
24,75,74,304,6
24,66,79,357,7
23,66,73,272,6
24,72,87,280,6
25,74,86,236,6
23,74,84,385,5
24,66,77,271,7
24,74,83,227,7
25,71,80,283,7
23,68,83,204,7
25,70,86,389,5
23,71,84,300,7
23,67,90,329,7
23,69,72,393,6
23,72,79,318,7
23,71,88,318,6
25,72,73,370,7
25,74,89,282,5
23,66,85,271,5
23,72,85,325,5
25,74,71,220,6
25,71,75,255,6
25,74,82,330,7
25,69,81,313,5
24,65,76,291,7
23,71,78,351,7
24,73,80,288,6
24,67,88,292,6
23,66,71,311,7
24,73,76,261,6
25,73,74,307,5
24,72,86,320,6
24,72,86,247,6
25,65,76,296,5
24,65,87,360,6
23,75,71,236,5
24,72,75,307,5
24,68,70,260,5
25,75,86,291,5
24,67,74,238,6
24,73,73,231,7
25,65,84,209,7
23,72,77,209,6
24,67,80,265,5
25,70,86,374,7
25,72,82,382,7
25,67,88,383,6
24,66,76,270,7
23,71,81,221,6
23,65,78,379,6
25,71,86,221,6
24,67,71,388,7
23,66,73,206,6
23,72,87,219,6
24,67,78,326,5
24,69,71,267,5
25,72,89,398,6
25,67,83,321,7
25,69,71,208,6
24,67,90,371,7
25,65,77,348,5
24,65,70,336,6
23,70,72,386,7
24,69,75,388,6
23,68,74,232,6
25,67,86,358,7
23,68,80,389,7
23,74,78,398,7
25,75,73,269,5
25,69,76,393,5
23,66,87,252,6
23,68,84,261,6
23,65,72,363,6
23,73,85,367,5
23,72,83,319,5
23,65,76,311,5
25,66,85,277,7
24,65,74,303,7
25,75,80,208,5
23,75,72,359,5
23,71,70,353,6
23,69,77,223,7
24,66,78,317,7
25,69,75,311,7
24,71,86,326,6
25,72,78,395,6
24,70,87,244,5
23,74,82,238,7
24,72,77,278,5
25,70,74,269,6
25,74,84,302,6
24,68,77,298,6
25,71,87,336,6
23,69,81,322,7
25,70,77,372,7
23,74,72,391,5
25,75,85,280,7
25,74,84,337,7
23,70,80,270,7
25,65,76,214,6
24,70,70,308,6
23,73,79,235,6
23,69,80,358,7
23,71,90,272,5
24,72,89,265,6
24,70,74,223,5
25,70,89,325,6
25,73,90,387,6
24,65,80,362,7
23,65,79,273,5
24,69,73,228,6
23,65,88,205,5
24,74,89,242,7
24,73,76,383,5
24,69,71,219,7
25,69,70,360,5
24,69,70,265,6
24,75,78,313,5
23,73,83,287,7
23,70,80,283,7
23,71,84,318,7
25,69,77,225,5
25,66,88,347,6
23,67,79,206,7
23,72,78,400,6
25,69,85,299,6
24,66,81,208,7
25,68,81,271,5
25,67,70,209,6
25,68,87,201,5
23,72,74,379,5
23,75,80,252,6
24,65,87,242,5
24,73,76,327,5
24,71,80,395,7
25,72,70,340,6
23,73,88,337,7
23,73,78,298,6
24,67,77,344,5
24,74,84,220,5
23,66,86,333,6
25,71,89,346,6
25,74,76,303,6
25,73,80,266,5
25,69,71,382,5
23,69,90,234,6
24,73,89,375,6
23,74,85,393,5
24,74,83,335,7
23,65,83,246,5
24,67,73,234,5
25,74,73,241,7
24,68,71,301,7
24,72,72,258,6
24,68,80,344,7
24,65,87,345,5
25,66,87,341,7
24,66,76,367,7
24,75,81,293,7
23,70,90,357,7
23,68,74,348,5
23,66,71,340,5
24,65,85,244,5
23,75,83,288,7
23,71,85,226,5
23,66,79,377,6
23,70,90,314,5
25,74,78,308,6
23,72,70,304,6
24,73,81,367,5
25,75,82,234,7
25,71,70,232,7
23,68,83,316,6
24,74,71,296,5
23,67,87,236,5
25,66,78,202,7
23,68,72,216,6
24,70,90,345,5
23,70,84,229,7
23,69,84,325,7
23,72,73,322,7
24,65,74,290,6
25,72,77,310,7
23,74,71,328,6
24,68,76,284,6
24,66,84,244,7
23,73,82,264,7
24,70,78,315,6
25,67,90,200,7
20,55,74,685,8
32,56,61,705,6
32,56,68,675,6
31,59,61,674,8
30,67,68,615,6
26,57,75,660,8
22,64,72,682,8
23,58,79,662,8
30,63,74,733,8
36,62,70,619,7
36,62,72,717,6
21,59,75,748,8
32,70,66,720,6
30,63,69,658,8
25,64,65,611,7
29,63,73,645,8
33,70,63,668,6
38,63,77,721,6
34,70,66,694,6
32,60,80,615,8
33,56,60,748,6
36,62,61,710,7
32,57,67,632,6
21,63,80,649,7
23,59,77,712,6
29,63,67,684,6
34,55,79,630,8
20,55,78,609,6
29,57,65,653,8
29,55,79,744,6
39,62,79,633,6
25,55,65,716,8
29,55,63,673,7
36,63,77,715,8
28,56,79,743,6
39,68,65,619,7
32,67,72,688,6
38,69,64,745,7
35,64,80,603,6
24,64,73,744,6
33,65,70,743,8
38,64,65,726,7
29,60,61,703,8
21,58,72,668,7
25,61,61,606,6
36,57,73,602,8
27,60,77,727,8
35,64,63,707,8
20,60,80,674,6
31,63,80,730,6
31,60,62,699,8
36,65,60,641,6
26,67,69,672,7
20,62,69,690,7
39,61,76,663,8
39,69,65,617,6
39,55,70,619,8
22,62,74,690,7
38,56,61,712,6
33,59,61,713,7
35,62,69,721,6
33,59,79,611,8
33,69,77,720,8
29,70,66,649,8
23,57,76,617,7
21,62,72,663,6
33,65,62,651,7
24,68,66,601,6
40,62,64,717,6
28,55,72,646,6
34,60,67,661,6
20,70,68,700,8
27,65,70,630,7
27,61,68,663,8
36,70,75,663,6
22,58,78,728,7
40,57,74,726,8
39,65,62,651,7
32,68,80,706,8
38,62,67,684,7
32,66,62,709,7
24,58,77,642,8
22,63,66,628,6
24,66,78,649,7
23,68,73,737,8
35,55,71,711,6
29,63,67,711,6
23,65,66,672,6
30,68,75,605,7
24,59,60,605,8
35,56,65,626,6
25,70,77,667,6
32,62,75,612,7
37,66,74,664,8
33,55,74,702,6
26,56,68,601,7
24,63,64,724,6
22,61,74,733,7
36,59,79,619,7
30,57,60,716,8
35,66,60,629,6
34,56,77,692,6
23,68,72,620,6
27,67,77,620,8
28,61,64,737,8
26,58,72,700,7
27,55,69,716,7
40,70,61,697,8
22,66,69,726,8
37,69,63,731,7
34,60,76,636,7
25,63,62,655,8
32,69,62,743,6
23,57,77,654,6
22,62,66,698,6
27,60,74,671,7
37,67,79,632,6
30,68,71,674,8
20,61,77,655,6
33,70,76,748,6
30,70,64,622,6
38,70,61,648,7
29,58,74,720,7
26,58,61,729,8
21,63,79,600,8
24,70,66,691,7
23,65,62,740,7
34,58,70,705,8
33,60,77,713,7
38,67,76,634,7
28,67,79,621,8
25,68,61,651,8
20,65,75,730,7
36,55,68,717,6
23,55,64,706,6
24,62,77,727,8
22,70,62,647,7
37,64,62,612,8
34,58,77,633,7
33,62,76,697,8
30,62,76,637,8
39,67,60,642,8
23,67,65,725,6
28,70,66,677,7
31,60,60,673,6
38,66,64,618,8
37,55,70,661,6
25,60,77,680,6
38,55,80,636,8
21,67,74,637,8
30,63,74,625,8
32,69,72,691,7
21,60,61,621,7
29,59,75,733,8
36,68,76,604,6
30,64,62,606,7
32,65,73,615,7
30,56,75,666,6
38,58,65,695,6
40,70,71,721,8
26,69,70,607,6
24,64,79,610,6
31,58,75,701,8
30,70,77,713,7
25,70,67,690,8
20,59,68,681,8
20,68,62,670,7
26,64,67,612,8
30,66,74,647,7
34,55,67,630,8
27,61,66,634,6
20,58,64,730,6
29,59,75,686,7
36,68,71,722,7
22,55,66,627,8
36,55,79,682,7
23,69,73,643,6
20,65,68,605,8
31,62,71,730,6
39,58,74,658,7
36,66,78,647,7
26,57,79,725,6
33,58,75,600,7
20,69,68,711,8
27,56,75,679,6
38,61,68,740,8
26,58,62,680,8
39,67,64,701,8
25,65,71,693,6
40,64,78,724,8
29,55,64,619,7
23,64,76,671,6
23,64,65,654,8
21,64,62,690,8
33,59,67,748,7
38,66,77,742,8
26,64,80,700,7
23,64,60,648,7
35,58,67,722,6
21,56,62,630,7
29,66,68,626,8
20,69,80,640,8
26,57,80,660,7
27,57,73,746,8
27,60,75,689,8
29,65,68,631,6
36,57,75,616,6
22,62,72,721,8
31,68,61,714,7
38,55,70,735,7
33,60,64,700,8
24,65,76,675,8
37,66,75,636,7
29,70,70,631,6
32,62,77,663,8
37,68,75,705,7
24,65,70,643,6
31,70,60,666,7
28,65,75,608,8
20,61,64,676,7
26,69,72,664,7
21,67,62,685,6
22,64,75,648,6
21,61,74,618,6
20,61,80,743,7
21,57,70,649,6
33,59,69,638,7
23,67,73,698,8
30,64,78,666,7
37,55,61,701,8
29,65,70,601,6
22,65,80,662,7
35,63,65,624,7
34,58,63,618,8
27,58,63,654,6
26,56,66,631,8
24,62,67,609,8
21,64,69,602,6
24,57,60,627,7
29,61,60,604,8
23,67,71,632,7
38,56,60,654,7
35,67,73,679,8
37,59,73,661,8
31,70,72,706,8
37,66,79,645,8
25,55,79,643,8
40,55,76,605,7
25,69,68,631,6
24,61,74,679,6
25,55,61,685,7
36,60,63,726,8
36,67,69,683,7
36,60,62,670,7
32,68,63,604,6
24,66,62,671,6
32,59,70,653,8
39,59,78,609,6
39,62,74,624,8
29,57,73,735,6
36,66,80,651,8
35,70,70,697,8
38,67,62,622,7
20,68,65,619,6
36,57,65,729,8
35,63,68,701,6
36,61,72,616,6
22,56,62,612,6
40,66,71,652,7
27,60,77,639,8
32,63,70,741,6
20,58,62,654,7
20,67,62,669,8
39,65,72,666,8
22,58,68,698,6
30,70,78,625,8
34,56,74,656,8
36,61,70,721,7
23,56,72,638,7
21,64,71,721,8
23,62,75,711,6
21,70,73,677,7
24,60,72,644,7
31,69,61,716,6
30,68,75,625,7
34,69,69,722,7
38,57,61,644,8
34,55,74,711,6
26,65,63,735,7
30,69,66,606,7
39,69,64,738,6
24,56,75,638,8
21,67,68,644,7
21,65,77,674,8
29,59,75,743,6
24,61,65,723,7
26,55,66,600,7
40,63,67,732,8
27,63,62,748,8
29,59,62,674,6
37,56,80,715,8
28,58,67,677,7
20,64,64,721,6
26,62,73,635,7
32,65,78,697,7
28,68,72,723,7
27,67,64,606,8
31,59,62,655,8
22,60,80,638,8
36,58,66,732,7
39,58,80,733,6
33,64,66,649,8
30,61,67,622,7
25,69,65,727,7
29,64,68,665,6
31,61,71,661,7
29,70,72,674,6
31,58,61,638,7
24,65,79,735,8
38,70,67,700,6
33,58,67,743,6
24,67,77,611,7
20,62,62,679,7
30,61,77,654,6
38,69,64,750,6
33,67,77,700,8
21,63,80,602,6
26,62,77,616,6
30,58,64,665,7
24,55,73,713,8
37,63,70,629,7
27,65,76,631,8
35,65,62,745,7
24,70,67,710,7
33,63,60,670,7
31,57,71,744,8
26,68,60,659,6
28,64,60,655,6
20,57,70,723,6
30,61,69,720,7
30,59,64,732,7
30,64,60,662,6
20,57,69,611,7
20,68,61,738,7
37,67,73,696,6
37,55,68,680,8
29,67,61,641,7
20,55,65,683,8
38,58,72,703,8
28,67,79,687,6
36,68,76,717,8
39,59,77,653,7
34,55,79,711,8
24,62,69,628,6
22,66,73,659,8
23,56,63,671,8
24,60,76,603,6
22,61,71,682,6
39,67,70,612,7
27,68,69,667,6
27,55,68,742,6
25,65,74,713,6
34,67,70,632,6
28,61,73,647,8
21,66,63,645,6
22,61,65,656,8
36,59,62,686,8
22,66,77,690,8
29,57,60,742,6
22,67,67,686,7
25,65,71,727,6
32,65,72,660,8
27,60,72,688,6
30,70,72,699,6
39,55,69,709,7
20,58,72,729,6
38,61,68,652,6
29,63,68,685,6
27,64,79,743,7
25,67,74,657,8
33,56,67,749,6
36,67,72,651,7
39,59,68,651,6
23,57,73,688,6
32,56,63,607,8
26,66,80,693,6
40,69,75,625,8
33,62,73,689,8
25,60,73,720,8
37,60,60,626,8
36,57,64,705,6
33,62,64,744,7
37,58,77,671,8
22,70,78,699,6
29,68,78,639,8
20,58,63,701,8
20,70,62,708,7
32,62,74,663,6
28,62,61,744,8
30,69,69,725,7
25,64,89,809,6
19,57,89,759,7
25,61,94,558,6
22,66,93,685,7
17,54,87,596,7
12,66,87,746,7
16,61,88,610,6
18,61,87,672,7
24,59,93,516,7
14,66,91,673,7
14,60,90,583,7
15,65,89,815,7
13,56,89,713,7
12,54,92,458,7
13,52,87,767,7
12,59,85,507,6
16,52,85,573,7
18,61,90,756,6
19,52,92,721,6
14,59,93,779,7
17,59,90,601,7
22,64,86,485,6
17,65,90,644,7
25,63,89,776,6
22,58,94,642,7
19,55,92,609,7
16,52,94,572,6
17,55,95,633,6
22,52,88,504,7
18,58,93,754,6
13,54,93,516,6
23,64,92,745,6
23,53,89,703,7
17,63,94,712,7
24,59,93,548,7
21,61,89,539,6
14,59,95,472,7
16,62,91,475,7
21,66,92,841,6
15,52,92,828,6
23,65,85,467,6
24,67,94,623,7
14,56,86,832,7
19,55,87,454,7
18,57,86,645,6
14,59,89,501,6
17,61,94,683,7
17,57,95,630,6
12,67,88,807,6
22,61,87,625,7
14,52,91,611,7
25,62,86,800,7
24,62,92,611,7
12,65,93,781,7
16,66,90,813,6
20,60,92,707,6
13,63,92,802,6
13,53,89,727,6
25,62,86,490,6
13,54,94,467,7
25,58,86,768,7
21,65,94,497,7
22,53,92,497,6
25,58,85,494,6
17,63,87,583,6
25,65,90,748,7
23,63,92,662,6
18,60,86,522,6
13,67,90,816,7
12,56,89,679,6
15,59,90,598,6
13,57,95,790,7
17,55,88,673,7
20,55,90,481,7
23,56,93,661,7
14,61,91,545,6
14,53,94,544,6
16,65,86,672,7
15,53,95,474,7
12,60,90,563,7
13,55,86,477,7
15,62,91,840,7
19,52,95,627,6
23,63,95,602,6
12,67,87,494,6
23,64,95,460,6
22,67,88,672,6
19,59,92,587,7
16,52,94,670,6
18,65,86,641,7
13,61,86,617,6
25,64,92,817,6
24,56,91,850,6
23,66,88,632,7
25,61,91,718,7
24,65,89,461,6
14,56,89,611,7
18,57,88,817,6
21,63,86,545,6
14,59,95,838,7
25,66,87,657,6
14,55,94,639,6
22,67,90,469,7
24,66,93,717,6
24,53,91,550,6
16,55,95,620,7
17,58,89,479,6
15,66,94,608,7
23,67,91,554,7
22,64,92,810,7
16,52,90,686,7
16,55,93,462,6
24,56,94,792,7
24,55,94,839,6
16,56,93,614,6
14,60,89,831,7
21,56,91,519,6
16,60,94,457,6
18,56,92,507,7
14,52,90,505,7
17,55,95,488,6
12,52,94,847,7
13,57,85,548,6
23,57,91,774,7
18,56,85,776,6
18,63,94,650,6
23,58,87,809,7
18,62,87,845,7
23,59,92,812,6
22,63,95,715,6
14,66,92,614,6
20,59,88,550,6
24,58,93,735,6
23,56,85,786,6
19,65,93,650,6
13,62,88,454,6
19,53,85,568,6
22,56,87,657,7
23,58,87,651,7
13,65,91,661,6
17,54,92,823,7
20,65,87,809,6
23,56,91,689,7
24,55,87,792,7
17,64,91,520,6
24,52,91,605,7
12,57,94,490,7
14,63,87,750,7
25,53,88,631,7
22,65,91,670,6
19,58,90,755,7
17,59,89,597,6
24,53,87,580,7
24,56,95,725,6
22,65,93,617,7
14,58,90,848,6
16,53,85,743,6
13,56,90,843,6
22,55,88,707,6
17,58,91,833,7
24,64,87,752,7
15,52,94,796,7
15,65,86,622,6
20,61,92,702,7
13,54,94,521,6
12,65,87,700,7
16,53,90,472,6
13,63,90,667,6
23,62,86,845,6
25,53,87,730,6
21,65,89,832,7
15,56,88,752,6
16,54,93,577,7
20,61,92,538,6
25,54,93,698,7
13,63,88,606,6
23,65,87,733,6
19,62,92,620,6
17,64,86,785,7
19,65,87,830,6
21,61,86,813,6
24,62,88,589,6
21,61,88,836,7
12,66,95,764,6
19,66,90,729,7
20,65,94,592,7
14,63,95,544,7
23,52,92,701,6
18,64,94,552,7
21,58,86,704,7
16,58,88,763,7
25,62,89,737,7
20,53,85,799,7
16,62,86,782,7
21,53,93,744,6
14,64,89,781,6
18,54,85,535,6
21,58,88,604,7
16,63,85,551,7
19,60,86,756,6
16,58,94,569,7
22,53,90,669,7
12,53,85,553,6
24,64,86,486,7
15,61,88,576,6
16,52,85,839,7
23,64,92,649,6
23,61,89,783,7
20,62,89,573,6
23,65,90,622,7
14,55,90,523,7
20,55,94,566,7
23,54,95,756,6
20,65,95,466,7
21,63,86,843,6
15,52,92,714,6
16,64,85,452,6
25,54,95,453,6
14,62,90,627,7
24,64,95,751,7
24,54,93,559,6
18,52,93,589,6
18,59,92,821,6
16,54,95,596,6
18,61,92,794,7
19,61,88,732,6
15,66,90,611,6
19,64,95,619,7
15,56,91,593,6
16,53,90,521,6
13,56,95,561,7
19,57,91,762,6
24,52,85,671,6
14,66,89,500,7
16,65,90,666,6
12,55,91,602,7
12,54,94,831,7
21,57,94,472,6
15,63,95,474,6
16,56,93,540,6
17,55,94,698,7
21,62,94,708,6
25,59,88,612,6
15,55,86,463,6
13,63,85,491,6
19,58,90,456,7
20,59,89,567,6
24,58,89,772,6
20,52,91,790,7
21,60,85,527,7
22,55,95,542,7
20,62,90,485,6
16,65,95,823,6
18,54,91,509,6
18,53,94,503,6
21,53,86,770,6
17,53,88,580,6
23,63,91,746,6
17,60,87,510,7
19,55,88,571,6
19,62,88,743,6
16,58,88,572,7
23,66,85,569,6
12,62,86,723,6
14,56,92,605,6
13,66,87,467,7
14,61,95,524,7
17,65,94,725,6
12,62,93,669,7
22,55,95,542,7
21,59,91,822,7
25,62,88,791,6
17,66,86,842,7
22,66,87,608,6
15,67,89,608,7
20,53,91,769,7
18,56,91,501,6
25,67,91,483,6
19,67,93,657,7
12,66,89,521,7
21,67,92,677,7
14,56,89,728,7
13,66,87,550,7
16,58,94,799,7
20,59,89,530,6
25,64,93,716,6
17,59,90,760,7
18,60,95,781,6
23,66,85,827,7
17,58,93,815,7
15,59,95,733,7
19,65,86,714,6
18,58,87,674,7
16,61,93,740,6
17,66,93,475,6
13,58,87,592,7
22,65,95,592,7
15,54,95,605,7
14,62,87,831,7
20,55,88,547,6
25,60,94,606,7
15,58,91,586,7
23,58,88,760,6
21,61,89,828,6
18,53,85,788,7
13,60,90,519,6
18,66,89,578,7
20,56,91,799,7
24,53,94,630,6
20,62,87,823,6
15,57,90,823,7
23,59,95,522,6
18,60,88,753,7
23,61,86,764,6
22,59,90,667,7
16,67,87,625,6
22,56,94,548,7
15,56,85,499,6
20,52,87,702,7
14,58,95,631,6
20,58,86,756,7
13,52,95,537,6
12,57,95,457,6
22,61,89,780,6
15,67,89,634,7
24,66,86,718,7
14,56,88,731,6
17,59,91,764,6
18,67,86,708,6
18,59,95,725,7
21,55,90,507,6
22,63,86,512,6
25,66,88,573,6
22,65,93,747,6
12,56,94,777,6
19,55,90,537,6
22,54,94,459,7
15,67,86,816,7
13,66,92,576,7
16,62,89,699,6
23,67,94,598,6
25,53,88,762,7
20,60,88,638,7
17,61,93,483,7
23,58,90,550,6
21,64,89,723,6
23,53,92,551,6
23,61,95,673,6
12,58,86,532,7
22,57,88,656,6
25,54,85,490,6
18,56,94,472,7
24,52,91,690,6
13,56,90,665,6
24,61,89,814,7
20,65,87,598,7
22,64,87,632,7
13,54,95,838,6
16,67,92,695,7
13,60,91,475,7
14,54,95,634,7
13,64,86,739,6
18,54,85,567,6
16,63,85,812,6
25,61,95,842,6
13,56,87,759,6
19,65,89,544,6
21,58,89,711,7
25,59,87,749,7
13,65,85,660,6
16,54,93,574,6
25,67,90,842,7
25,53,95,495,6
16,67,92,776,6
21,59,87,842,7
20,53,91,818,6
25,59,95,547,7
25,58,85,617,6
17,59,91,591,6
21,64,92,640,6
13,53,86,627,7
15,59,90,512,6
24,63,93,539,7
21,54,95,701,6
15,57,94,842,7
25,60,85,615,7
20,61,88,592,7
23,61,92,790,7
22,59,92,814,7
19,65,87,490,7
14,56,89,488,6
18,65,85,490,6
19,53,89,479,7
22,54,89,822,7
14,62,94,512,6
18,67,91,531,6
20,65,92,797,6
18,55,86,617,7
13,60,87,572,7
20,60,88,816,6
31,77,71,424,7
28,73,84,381,7
28,68,74,415,6
31,80,70,351,6
29,69,77,407,6
29,73,72,365,6
32,76,74,403,7
28,73,80,397,6
27,72,75,376,7
30,72,77,403,7
30,75,79,439,6
30,73,75,404,6
31,76,84,432,6
29,80,74,388,6
32,80,85,374,6
30,76,75,361,6
27,80,77,361,7
29,74,84,405,7
30,73,75,377,6
28,71,78,425,7
27,77,75,428,7
30,69,85,375,7
32,78,71,398,6
30,76,83,370,7
31,79,81,434,6
32,76,88,396,6
32,79,70,362,7
32,80,73,397,6
28,80,71,418,7
31,70,76,354,6
31,77,80,432,6
28,70,73,381,6
28,75,74,434,6
32,68,78,393,6
30,79,82,373,6
29,73,88,387,7
32,79,74,401,6
31,78,88,379,6
30,79,87,407,7
30,68,72,413,7
27,73,83,375,7
31,69,77,367,6
27,78,71,415,7
31,71,86,364,6
27,79,84,372,7
31,72,74,363,7
31,72,77,403,7
30,70,83,358,6
30,75,88,368,6
30,77,82,404,7
29,79,85,421,6
30,72,73,386,7
32,78,87,408,6
32,71,73,363,6
28,69,80,404,7
27,71,76,426,7
29,69,71,412,6
32,72,85,437,6
28,70,78,420,7
29,74,82,393,6
32,77,88,374,7
29,76,80,353,7
31,77,88,375,6
32,77,87,390,6
30,72,87,408,6
29,68,83,410,6
31,69,77,426,7
32,71,81,368,7
28,73,84,364,7
27,71,82,416,7
32,79,78,431,7
31,69,71,405,7
31,69,85,435,7
29,80,86,393,6
29,75,77,373,6
31,77,73,424,7
29,80,77,410,7
31,71,73,388,7
29,79,74,407,7
31,76,73,358,7
27,72,71,412,6
27,80,78,388,6
27,69,80,386,7
28,68,70,378,6
31,78,87,438,6
29,80,71,351,7
28,69,79,433,6
31,80,72,379,6
28,76,84,385,7
27,79,84,384,7
29,79,74,420,6
27,73,77,380,7
30,71,83,425,6
29,79,79,434,6
32,76,74,432,6
32,77,86,439,7
27,68,74,436,7
31,70,70,363,7
31,78,71,388,6
28,80,86,380,7
27,77,84,396,6
27,69,73,418,6
31,80,84,386,6
27,75,76,414,6
28,68,81,382,7
31,75,87,382,6
32,76,84,372,7
30,80,77,403,6
29,70,88,354,6
27,69,74,384,6
30,78,75,392,6
28,74,76,429,6
32,75,82,355,6
28,71,85,419,6
32,74,86,383,6
31,75,71,431,7
28,79,81,355,7
29,76,83,360,7
32,74,82,430,6
32,75,84,413,6
27,70,88,394,7
30,80,83,394,7
30,68,85,399,7
27,72,81,355,7
28,68,87,377,6
28,70,72,394,6
31,69,86,370,7
31,71,75,431,7
30,74,71,360,7
28,72,76,351,6
29,80,81,394,7
30,75,70,399,7
27,75,77,408,7
28,75,73,417,6
31,74,79,408,7
31,69,83,398,7
32,70,71,431,6
30,79,86,398,7
31,78,87,358,6
27,68,87,417,7
27,80,86,359,7
27,72,76,388,7
30,70,70,359,7
32,76,82,425,7
30,72,81,414,7
27,70,73,378,6
28,72,71,355,6
30,77,74,397,7
29,78,84,398,7
30,77,83,407,6
28,72,70,386,7
29,75,84,375,6
30,77,72,434,7
28,77,79,382,7
27,69,71,411,6
27,69,70,400,6
29,75,75,391,6
32,77,86,416,7
28,69,84,430,7
29,75,74,390,6
29,79,78,425,6
30,80,71,377,6
27,75,85,374,7
29,73,73,429,6
29,75,70,407,7
32,79,82,397,6
30,72,77,410,7
29,79,75,394,7
30,76,73,402,6
31,68,78,389,7
32,76,88,355,7
31,77,79,408,7
30,78,72,350,6
32,75,87,370,6
28,77,86,407,6
28,78,88,377,6
31,71,78,370,6
27,79,84,366,7
29,68,79,437,6
27,75,84,372,7
32,78,71,439,6
30,69,82,381,6
28,78,78,409,7
32,72,74,395,6
27,75,85,370,6
32,68,78,418,7
32,75,74,406,7
31,70,81,398,6
29,78,75,419,6
32,79,88,393,6
29,78,82,364,6
30,69,75,424,7
31,76,80,372,6
27,79,81,435,7
30,69,88,439,7
31,68,85,398,7
28,73,82,401,6
28,70,75,432,6
27,71,86,429,6
29,78,75,382,6
31,74,84,380,6
31,72,86,421,6
28,70,81,408,7
30,71,82,439,7
28,80,85,385,6
31,69,81,414,7
31,79,75,351,6
32,72,79,363,7
32,76,88,395,7
28,78,71,365,6
30,80,72,350,7
28,71,73,440,7
29,78,74,412,6
29,69,80,407,6
31,76,75,412,6
32,73,87,416,6
29,78,80,433,7
31,70,70,411,6
32,70,71,362,7
30,69,81,385,6
32,80,84,357,6
27,79,85,420,7
30,78,74,350,7
28,72,76,356,7
31,78,70,378,7
27,68,88,377,6
27,78,70,421,7
30,68,80,356,7
29,70,77,428,6
30,69,78,370,6
28,73,78,388,7
29,72,84,381,7
31,68,79,425,7
30,77,79,425,6
29,71,86,358,6
27,76,81,398,7
31,76,80,416,6
28,68,81,394,6
27,75,88,432,7
31,73,83,397,6
28,77,75,439,7
32,70,83,401,6
27,70,87,355,6
31,77,74,357,6
32,69,77,429,6
29,69,75,435,7
29,73,72,364,7
30,75,82,419,7
32,68,83,392,6
29,73,70,403,7
29,73,83,357,6
31,72,85,371,6
27,68,86,424,6
29,68,81,391,6
30,72,87,382,6
28,69,70,419,6
31,70,85,390,7
29,78,77,407,6
27,69,74,399,7
27,75,86,428,7
31,73,86,352,6
31,78,88,360,6
30,78,71,397,7
29,75,76,377,6
32,74,86,385,6
29,78,75,385,6
31,74,88,436,7
28,69,82,424,7
29,78,72,362,7
31,78,82,413,6
30,78,76,359,6
30,69,78,399,7
30,75,80,435,6
29,71,75,411,7
27,72,70,429,6
30,77,74,401,7
31,76,86,363,6
31,78,80,353,6
27,72,74,415,7
29,69,87,390,6
29,76,81,364,7
32,69,78,354,6
32,69,77,391,6
29,75,83,355,7
31,77,88,390,6
32,72,84,399,6
32,77,81,376,6
31,76,83,432,7
28,79,72,393,7
27,71,87,420,7
30,80,74,406,6
31,78,82,392,6
28,77,85,430,7
27,75,72,402,6
28,79,70,408,6
27,75,82,437,6
28,79,80,409,6
29,73,83,371,6
29,74,81,384,7
30,71,71,437,6
31,80,78,358,6
31,72,76,369,6
28,72,73,416,7
29,69,77,415,7
28,72,76,351,6
30,78,82,367,6
31,69,83,411,7
32,77,86,405,6
28,79,74,389,7
32,76,73,411,6
27,80,83,382,6
32,69,74,389,6
31,69,74,390,6
31,72,83,392,7
29,73,74,382,7
29,70,71,369,7
29,70,87,437,6
29,68,84,426,6
28,74,72,386,7
28,75,85,431,7
27,68,86,430,6
31,69,72,425,6
27,80,82,393,6
32,71,70,398,6
27,75,80,377,7
32,70,86,415,7
32,69,81,380,7
31,75,81,430,7
31,71,72,409,6
27,71,77,422,7
27,78,83,429,6
28,79,88,440,7
28,77,78,421,6
31,69,77,438,7
29,71,71,426,7
30,74,76,401,7
27,72,79,370,6
31,70,86,413,7
32,77,79,418,6
28,76,82,431,6
28,74,88,351,6
28,78,71,362,7
29,79,88,435,6
27,75,75,382,6
27,78,75,369,6
27,69,78,411,7
31,77,78,428,6
27,69,77,357,7
31,75,86,396,7
27,76,71,382,7
27,69,70,383,7
28,69,74,439,7
29,78,78,350,7
31,69,81,392,7
28,71,83,368,6
29,80,78,415,6
29,69,83,375,6
32,76,86,399,6
28,74,71,416,6
31,73,88,420,6
28,68,84,433,6
31,71,80,433,6
27,76,70,356,6
27,80,73,359,6
32,68,81,434,7
32,71,75,360,7
27,77,78,361,6
28,76,84,413,6
27,68,78,362,6
31,80,76,351,6
30,75,84,390,6
29,77,81,384,7
32,71,87,370,7
29,69,71,418,7
31,77,71,406,6
31,68,72,438,7
32,75,72,391,6
31,74,73,392,7
28,70,76,404,7
32,70,83,393,7
28,68,79,383,6
27,71,86,360,7
31,76,78,397,7
31,69,72,378,6
29,79,88,361,7
28,72,87,363,7
32,77,82,391,7
29,74,84,378,6
32,74,75,440,6
28,72,77,393,7
29,74,74,368,6
32,72,86,387,7
31,71,79,401,6
32,79,80,391,7
28,79,84,419,6
29,68,81,434,7
29,76,82,416,6
31,80,88,430,6
30,71,82,405,7
30,76,82,439,6
28,77,62,569,7
20,76,67,631,6
20,71,71,501,7
22,80,72,476,7
21,69,69,478,6
21,64,61,512,6
26,73,66,544,6
26,69,61,451,7
27,80,75,471,6
20,60,66,637,6
23,73,60,514,7
21,76,74,565,7
21,65,68,514,7
30,75,74,627,7
27,80,79,609,7
26,68,60,623,7
20,77,71,649,6
26,68,75,504,7
24,77,66,681,7
30,61,61,618,7
29,74,67,630,7
22,64,66,693,7
29,72,64,682,6
27,80,77,596,7
24,67,61,522,7
27,70,69,558,6
29,65,64,664,7
24,62,65,486,7
25,66,69,460,7
29,79,65,677,6
30,73,67,678,7
25,74,62,454,7
23,72,70,637,6
20,68,74,564,6
27,80,71,678,7
29,75,64,604,6
22,73,66,451,7
21,78,78,700,7
30,64,76,639,7
20,65,63,581,7
23,77,62,674,7
30,65,67,561,6
21,73,80,527,7
23,63,71,597,7
24,74,70,519,7
20,71,62,672,7
22,75,74,693,6
24,79,68,585,6
30,66,64,661,6
22,75,65,598,7
30,61,73,511,6
22,68,70,641,6
26,70,76,560,6
27,66,61,667,6
22,65,67,596,6
25,80,69,589,7
26,77,75,628,6
28,67,65,654,6
26,64,64,552,6
27,76,60,680,7
24,78,69,478,7
21,62,63,504,7
22,67,77,641,7
20,76,65,515,6
20,60,74,533,7
26,69,76,495,7
23,75,65,520,7
27,74,63,677,6
22,75,66,569,6
28,66,68,529,6
25,80,69,475,7
22,65,69,544,6
23,76,69,641,7
22,79,72,519,7
21,64,66,697,6
28,71,60,538,6
24,63,60,695,6
25,73,77,564,7
30,67,62,672,7
24,71,60,523,6
21,61,63,564,7
25,73,70,507,7
22,77,63,450,6
23,60,61,532,6
27,62,64,665,6
24,77,72,587,7
23,80,64,578,6
25,67,71,684,7
28,77,71,694,7
26,74,71,463,7
22,77,65,542,7
22,64,77,656,7
22,75,66,671,7
28,76,61,605,7
20,80,60,452,6
21,67,79,473,7
23,76,61,522,7
24,63,75,672,6
28,79,74,612,7
29,69,80,634,7
27,76,63,634,7
22,65,62,475,6
30,66,73,631,7
24,66,74,508,7
26,64,60,511,6
21,72,76,570,6
21,72,71,460,7
20,65,60,510,7
25,64,73,577,6
24,68,62,558,7
26,61,65,486,7
28,68,69,624,6
22,67,67,531,7
22,76,80,672,6
28,63,67,594,7
25,71,67,529,7
29,72,72,530,6
22,64,69,465,7
27,62,68,508,7
24,67,66,552,6
26,61,73,673,6
26,72,74,574,7
26,77,75,678,7
28,77,63,468,6
24,60,62,562,7
23,78,77,621,7
27,77,61,700,6
28,65,60,513,7
24,67,64,600,7
26,62,66,632,7
22,80,75,602,6
23,78,63,536,6
23,80,70,668,6
21,65,71,595,7
24,61,74,593,6
29,70,69,486,6
25,80,66,527,6
25,76,74,649,6
26,76,78,655,6
21,63,68,690,6
24,63,75,464,7
20,76,73,615,6
28,70,76,684,7
30,66,70,470,7
29,67,76,492,6
23,73,77,531,6
22,79,80,486,6
28,64,64,624,6
21,79,69,680,6
25,67,73,577,7
28,77,60,586,6
20,78,63,592,6
28,65,76,682,6
27,63,60,634,7
30,76,71,659,6
30,75,60,677,6
20,72,63,698,7
23,60,60,650,7
26,74,77,627,6
20,69,70,661,7
24,69,80,648,6
25,80,80,538,6
25,74,61,673,6
20,60,63,525,7
24,66,63,540,7
21,64,63,652,6
21,76,77,559,6
27,77,79,540,7
27,72,79,494,6
20,80,66,600,7
30,71,76,652,6
28,61,68,681,6
20,76,77,616,7
21,67,65,475,6
30,74,75,626,7
20,68,60,551,6
25,71,78,561,6
27,72,80,652,6
26,69,61,589,6
20,69,61,558,7
28,71,79,635,7
30,76,63,456,7
24,68,69,508,7
20,67,70,656,6
29,65,76,470,7
30,67,65,662,6
24,72,75,690,6
23,74,60,566,7
30,70,70,605,7
25,71,63,685,6
24,71,78,671,7
26,73,76,620,7
21,63,62,674,6
24,67,70,687,6
27,77,78,518,6
24,64,63,632,6
21,60,80,655,7
21,61,64,536,6
28,66,78,640,6
24,75,68,612,7
23,76,62,614,7
26,71,61,606,6
22,69,71,683,7
21,79,76,517,6
20,73,78,525,6
21,63,78,686,7
25,67,72,632,7
28,79,65,459,6
23,76,79,473,6
22,65,64,517,6
27,65,75,636,7
23,64,75,456,7
30,63,77,490,7
26,63,66,478,7
28,61,65,690,6
24,69,69,573,6
20,78,60,492,6
25,66,71,451,7
23,68,78,587,7
21,63,70,535,6
28,67,62,611,6
25,60,77,453,6
23,79,75,477,6
28,65,61,459,6
29,65,68,478,7
25,73,68,697,7
20,75,60,485,6
30,65,68,484,6
23,77,78,589,7
22,61,69,673,6
20,66,79,675,7
21,74,76,680,7
28,72,60,685,6
30,80,63,510,7
26,76,75,529,7
20,71,63,527,7
29,73,64,610,7
29,61,75,644,6
21,66,63,595,7
30,60,70,695,6
27,67,65,567,7
20,62,65,528,7
20,72,80,633,7
23,72,60,622,7
25,69,68,682,6
26,72,68,612,7
23,70,68,690,6
23,74,68,491,6
27,61,76,593,7
21,64,72,560,7
23,65,65,630,7
23,73,66,630,7
23,73,74,696,7
21,62,62,552,6
26,67,75,486,7
28,72,60,613,7
29,72,61,678,7
20,64,76,582,7
20,60,77,474,6
26,68,60,500,7
22,67,71,588,6
29,68,76,570,6
25,77,71,542,7
22,60,74,486,6
29,76,65,509,6
30,70,60,513,7
23,80,60,546,6
29,67,78,563,6
28,64,65,669,7
24,75,73,463,7
24,63,72,619,6
20,78,68,620,6
24,79,73,639,7
23,67,65,675,6
25,62,70,604,6
28,75,72,582,7
27,71,68,494,6
27,74,60,666,7
21,71,78,670,7
29,61,80,594,6
23,73,71,460,7
25,80,65,683,7
30,76,78,688,7
27,80,79,508,6
22,71,72,608,7
25,72,79,558,7
30,64,61,569,6
23,69,61,610,6
21,71,67,654,6
30,77,62,623,6
23,64,77,687,6
21,75,60,682,7
27,72,61,487,6
27,76,71,597,7
23,75,69,495,6
27,68,79,461,6
28,66,66,495,6
26,78,79,520,6
24,74,69,491,7
22,67,77,584,7
30,66,73,692,6
22,72,72,642,6
28,64,77,564,6
22,77,65,594,6
25,63,60,599,6
22,62,65,658,6
30,77,64,452,7
24,77,71,666,7
20,63,75,459,7
22,72,78,657,7
28,66,69,582,7
28,80,78,649,7
24,71,60,465,6
20,66,62,572,7
30,60,75,556,7
30,79,61,517,7
22,64,63,615,7
28,62,64,627,7
29,75,68,545,6
29,77,79,577,7
30,80,62,671,6
22,64,60,649,7
22,76,79,484,7
27,66,68,615,7
28,62,60,563,7
23,72,71,682,6
23,79,77,518,6
24,78,63,669,6
28,72,63,594,7
22,60,76,496,6
21,79,80,463,6
30,70,60,458,7
29,68,62,529,6
20,79,75,593,6
27,64,62,613,6
30,61,75,680,6
28,69,61,651,6
30,67,76,663,6
25,68,80,634,7
22,70,73,671,7
28,77,73,471,6
28,80,64,503,7
27,76,66,634,7
21,67,76,578,6
25,72,68,555,7
28,62,75,530,7
27,63,80,610,7
27,74,67,538,7
21,74,60,511,6
23,67,71,476,7
23,60,60,526,7
28,70,75,654,6
26,78,75,619,6
27,77,60,642,6
27,69,60,613,7
21,64,77,523,7
23,77,63,635,6
20,78,61,643,6
21,61,78,592,7
24,67,79,517,7
24,69,75,641,7
23,70,66,607,7
24,75,68,511,6
22,70,78,632,7
20,62,76,603,7
20,69,62,658,6
20,69,77,606,6
26,68,75,642,6
22,69,75,508,6
30,76,74,467,7
27,70,65,549,6
30,67,80,657,6
23,67,77,450,7
25,77,60,458,7
22,77,63,505,6
28,78,68,477,6
24,62,68,692,6
24,74,77,565,7
24,71,64,573,6
28,80,60,527,7
24,68,63,507,7
21,68,67,454,6
24,73,80,681,7
26,76,75,687,7
21,80,62,684,6
26,63,65,643,7
25,79,79,612,6
23,60,63,696,6
26,80,61,578,6
27,78,67,645,6
29,71,69,460,6
21,60,72,535,7
24,77,77,698,6
21,61,66,627,6
26,74,69,572,7
27,70,72,580,7
28,65,78,483,6
30,62,60,635,7
21,66,72,565,7
20,65,80,669,7
30,66,93,523,6
33,61,86,486,7
27,65,82,496,7
31,60,83,503,7
32,60,90,585,5
28,61,89,538,5
26,71,95,574,5
31,60,91,548,6
26,57,85,525,6
31,67,89,558,5
34,57,95,529,5
27,72,83,577,6
34,71,84,568,6
29,62,94,469,5
32,60,87,567,5
34,70,85,507,5
30,64,89,520,7
34,57,90,495,7
33,66,94,581,7
28,70,91,484,5
33,66,91,530,6
28,69,91,525,7
29,62,94,469,6
27,65,95,501,6
33,61,91,527,7
32,69,94,519,6
34,56,89,515,5
34,61,93,472,5
30,71,95,563,5
31,65,89,546,7
31,60,92,475,7
34,65,85,484,5
29,59,93,511,7
28,64,94,588,7
30,63,86,557,7
28,64,95,582,7
34,57,85,533,7
26,60,82,585,5
32,55,82,469,7
31,59,86,469,7
27,70,83,521,5
29,64,92,483,5
33,64,94,535,7
33,56,94,589,7
29,65,81,523,6
30,69,92,497,6
28,55,86,546,7
30,66,94,525,6
29,58,85,480,7
26,69,84,509,5
34,56,82,586,5
29,65,81,589,5
31,72,84,575,6
34,66,81,519,6
33,56,85,532,6
30,71,89,505,7
30,61,91,534,6
34,68,86,577,7
28,69,92,478,7
27,71,92,584,7
32,71,90,556,7
26,61,81,526,5
27,71,92,471,5
31,66,83,494,6
31,71,87,564,5
32,60,81,503,6
27,62,86,496,6
26,66,81,504,7
28,61,86,463,5
30,61,81,493,7
28,62,81,503,6
31,65,95,579,7
34,61,88,520,5
30,56,88,483,6
27,70,92,520,7
33,63,82,503,7
27,71,93,582,5
27,62,87,514,6
30,71,95,569,7
28,55,85,551,6
34,55,86,528,7
31,63,85,535,7
31,69,95,561,6
34,66,86,571,7
26,64,88,473,5
29,71,81,512,7
33,72,95,483,5
27,62,92,541,7
33,68,90,511,6
31,70,82,564,7
34,58,94,507,5
28,57,85,530,6
32,68,91,481,5
33,56,95,498,6
33,72,88,539,7
33,68,95,477,5
29,61,87,503,7
27,59,85,569,6
28,65,84,545,7
27,68,94,485,6
30,58,92,537,5
29,62,82,544,7
30,57,90,588,7
34,61,84,509,5
26,64,87,539,6
29,72,95,538,6
26,58,84,499,6
32,65,93,559,7
29,71,95,462,5
29,60,88,549,7
34,60,84,487,7
28,55,82,461,5
32,71,81,518,5
26,55,93,557,7
26,65,93,506,5
27,70,88,475,6
28,57,88,465,6
27,63,85,570,6
29,65,89,584,7
26,57,82,590,7
27,59,91,464,7
32,66,91,487,6
27,61,81,474,5
28,72,91,505,6
26,60,84,518,6
31,63,81,560,7
33,59,92,460,5
31,64,86,483,5
26,65,93,534,5
29,64,84,525,5
26,64,82,585,7
33,72,91,533,5
26,62,89,484,7
28,68,92,475,6
28,71,95,559,7
31,62,81,466,7
34,59,90,553,5
26,71,92,469,6
29,67,82,498,7
28,69,94,539,6
34,63,83,494,7
33,67,93,572,7
34,57,82,577,5
29,60,95,501,6
27,72,92,532,5
34,60,83,535,7
34,59,91,491,7
33,63,83,483,5
31,72,83,564,5
29,56,86,555,5
29,56,91,532,5
30,65,87,543,6
28,58,91,566,6
27,66,90,520,6
28,63,82,501,7
30,66,83,474,7
29,56,84,581,5
33,56,86,495,6
30,56,94,506,6
29,71,88,492,7
32,62,94,496,5
34,65,94,565,6
28,60,94,497,6
29,64,95,466,6
26,62,83,581,6
27,65,91,496,6
34,71,86,499,7
27,71,81,490,6
28,55,82,473,5
30,59,90,577,7
34,55,91,487,7
31,69,84,533,6
30,59,93,560,6
31,60,82,563,6
30,66,85,587,7
28,72,87,504,6
34,72,88,470,5
28,59,95,475,7
31,60,88,488,5
29,56,81,529,5
34,63,84,563,6
31,55,95,491,5
34,61,95,480,5
26,63,95,535,6
31,71,81,501,6
33,68,82,538,7
28,57,95,493,5
26,57,88,496,7
30,58,92,542,6
34,61,95,500,5
30,59,92,565,7
28,62,95,562,5
27,60,95,493,6
28,68,81,490,6
33,61,86,524,7
26,63,82,481,7
32,61,94,467,7
28,63,86,570,5
34,56,87,501,6
32,57,90,547,5
31,64,93,520,6
31,70,86,472,5
30,58,91,492,6
29,57,91,478,6
28,60,83,584,5
32,69,82,486,5
32,66,88,468,7
31,67,87,495,6
26,67,93,462,6
27,58,83,575,6
29,71,94,540,5
26,66,81,574,6
30,68,86,489,6
28,59,88,460,5
27,72,89,538,6
32,71,86,485,5
28,59,92,472,6
30,58,83,513,6
27,71,85,574,5
27,66,88,561,5
32,67,90,481,6
29,67,83,549,5
27,66,87,485,5
33,71,83,464,5
28,69,89,487,6
29,69,90,485,6
26,63,90,584,5
27,72,90,486,6
34,61,83,461,7
30,66,95,509,6
27,59,93,514,5
33,61,94,565,6
30,66,93,563,7
31,68,92,513,7
29,69,89,563,6
34,63,94,552,5
29,58,88,530,5
33,67,82,588,7
30,66,81,571,7
29,61,85,575,5
33,65,95,494,7
30,64,85,496,5
32,63,83,468,7
34,66,95,542,6
30,71,95,543,6
30,68,85,571,7
30,66,83,552,7
30,59,94,491,5
30,66,86,463,5
33,68,86,555,5
30,71,94,589,6
31,69,83,505,6
30,55,94,470,6
29,56,91,562,6
28,71,86,533,6
27,68,95,540,5
28,64,90,494,5
34,57,94,540,5
30,59,91,541,7
32,61,81,506,6
27,58,84,519,6
34,63,91,480,7
28,64,91,490,7
26,60,87,538,5
28,67,83,498,5
32,61,82,529,7
32,66,94,531,5
32,62,92,556,5
28,67,91,465,5
33,66,86,535,5
30,68,92,511,5
33,59,94,560,7
29,66,86,544,5
29,55,85,474,5
31,66,90,479,6
26,61,83,528,6
28,61,90,490,5
29,67,95,480,7
33,60,87,530,5
34,61,93,559,7
28,66,81,581,6
30,62,84,503,7
34,61,91,556,7
30,59,84,518,7
30,70,83,590,6
26,62,81,518,5
33,64,88,565,6
28,57,93,539,7
30,63,94,491,5
29,72,85,557,6
27,69,95,533,6
34,63,95,524,7
34,57,90,485,5
30,57,88,551,5
32,57,91,531,6
31,59,94,554,6
27,70,81,477,7
31,64,84,490,7
32,60,83,484,6
31,63,87,473,6
31,62,82,516,7
30,69,92,492,7
33,69,85,467,7
31,59,81,507,6
31,61,95,525,5
28,72,83,530,7
33,63,94,515,6
33,59,88,538,7
32,63,82,474,7
28,55,91,476,7
28,57,85,551,7
34,65,88,533,6
29,66,93,502,7
26,56,84,471,7
34,62,81,537,6
32,64,87,534,5
29,57,89,516,6
28,68,94,578,7
33,72,83,579,7
28,59,91,535,6
30,70,84,461,7
26,67,90,522,7
26,64,92,541,5
27,62,90,586,5
33,64,95,504,5
34,63,84,518,7
29,72,82,485,5
34,57,83,570,6
29,63,87,511,7
34,57,92,505,6
28,68,90,564,6
29,59,92,497,5
26,56,82,464,7
34,58,93,484,7
30,56,91,470,7
33,71,85,466,7
32,60,92,523,5
26,55,95,512,7
32,60,82,572,5
33,57,81,548,6
30,57,90,464,6
30,56,87,482,5
31,69,85,587,7
27,57,82,470,7
26,59,82,529,6
27,68,82,509,6
31,59,81,534,7
28,64,81,490,7
28,69,82,565,6
30,64,86,572,5
32,68,87,531,5
32,57,89,481,7
26,68,90,475,5
33,69,85,510,5
27,64,83,526,6
28,66,90,515,7
29,65,86,567,5
28,60,83,564,7
27,61,88,540,7
26,69,94,584,7
26,68,89,542,6
27,59,81,544,5
32,66,90,492,6
27,72,92,566,5
32,60,92,527,5
30,64,82,554,7
33,70,87,563,5
30,60,87,496,5
34,58,88,575,7
31,65,94,566,5
28,60,94,507,7
28,58,87,551,5
27,61,94,577,6
31,62,83,586,5
33,56,81,561,7
33,64,94,509,5
29,64,89,584,6
27,56,87,499,7
30,71,92,487,7
29,65,84,528,7
26,61,88,498,6
27,63,90,558,7
34,57,93,501,6
34,68,91,492,6
28,55,86,521,5
32,59,89,580,6
32,62,89,526,7
27,66,82,484,5
28,59,94,549,7
34,60,87,492,6
26,59,94,542,5
27,61,82,553,6
31,65,91,510,7
28,63,95,470,6
27,64,84,581,7
30,60,85,544,5
28,55,81,558,7
33,60,94,568,6
34,70,88,485,6
29,64,90,541,7
21,61,75,997,6
27,55,78,914,6
25,57,77,877,7
23,65,84,888,6
21,61,77,908,7
27,65,81,995,6
24,53,75,923,6
25,61,76,907,7
27,55,86,886,6
24,60,90,894,6
27,64,88,990,7
23,63,78,955,7
20,59,87,920,7
24,63,88,896,7
26,55,76,932,7
19,50,83,936,7
23,58,81,966,7
26,52,86,899,7
21,60,90,948,7
24,62,88,887,6
18,63,78,937,6
26,57,76,862,6
25,57,84,987,6
26,63,82,862,6
23,54,83,988,6
22,51,82,876,6
25,55,75,884,6
20,51,75,863,7
21,61,79,987,6
25,65,82,906,6
22,51,80,894,7
19,56,86,948,7
25,61,88,886,6
22,63,89,978,7
27,64,76,907,7
26,62,80,900,7
19,52,76,985,6
20,54,84,862,6
19,63,80,908,6
27,50,80,908,6
20,65,76,936,7
22,58,81,886,7
26,65,79,925,6
21,53,84,941,7
20,56,77,920,7
20,63,83,901,7
27,62,88,896,6
19,60,85,981,6
22,60,78,945,7
22,54,79,964,6
20,62,80,909,6
19,64,90,932,7
27,55,75,942,7
19,63,75,895,6
19,60,89,926,7
21,54,87,877,7
25,51,77,874,7
22,61,89,907,6
21,56,90,955,6
21,55,90,910,7
18,51,80,991,6
27,59,90,862,6
21,65,78,901,6
23,64,77,978,6
22,51,87,998,6
27,50,78,973,7
23,51,87,910,6
18,52,88,984,6
26,60,87,912,7
27,57,76,862,7
26,51,77,996,6
22,64,89,906,7
23,65,75,983,6
20,64,85,907,6
20,64,83,864,6
24,52,79,895,6
22,64,88,977,6
25,55,77,903,7
24,60,78,918,7
23,53,80,948,7
19,50,77,933,7
24,53,89,920,7
20,51,89,905,7
20,63,82,885,6
22,57,87,898,6
18,52,89,952,6
24,56,82,928,6
26,54,75,987,7
22,63,81,941,6
27,58,80,894,6
25,54,76,914,7
26,51,78,966,6
23,52,77,882,6
21,62,79,1000,6
26,51,79,865,6
22,59,83,928,7
19,56,76,992,6
22,61,75,878,7
19,51,75,903,7
21,63,88,866,6
21,62,88,990,7
20,50,89,945,7
22,61,75,932,6
27,50,76,959,7
18,63,83,953,7
18,64,77,964,6
27,50,85,949,7
21,56,85,935,7
20,62,82,864,7
23,59,85,989,6
19,65,88,970,7
23,50,85,861,6
25,56,90,879,6
25,52,80,873,6
24,62,83,909,6
19,52,78,943,6
20,65,87,990,6
22,60,90,925,6
24,53,86,875,6
27,60,80,887,6
21,50,85,877,6
26,64,89,931,6
27,52,82,888,6
24,61,88,950,6
22,51,90,953,7
26,64,80,920,7
26,60,77,888,7
23,62,77,861,6
26,55,77,981,7
27,51,87,962,7
25,51,87,974,6
23,60,81,873,7
21,54,83,904,6
24,54,83,956,6
19,54,80,971,7
19,56,81,991,6
23,60,79,885,7
22,53,79,938,6
18,63,87,894,6
18,50,88,868,7
23,56,89,895,6
27,54,85,938,6
24,64,88,888,7
26,57,89,982,6
20,60,82,868,6
18,60,84,999,6
27,59,89,874,6
22,58,86,874,7
23,59,86,875,6
19,59,85,905,7
22,63,80,871,7
20,52,79,963,6
27,62,77,938,6
19,54,78,905,7
25,51,78,890,7
20,62,83,896,7
19,51,90,928,6
24,54,80,942,6
21,60,86,967,7
20,50,77,897,6
19,62,75,898,6
21,63,85,986,7
18,59,79,867,7
25,58,81,930,6
27,60,88,899,7
27,55,75,971,6
20,55,88,863,6
22,60,80,991,6
24,63,77,925,7
25,56,82,965,6
24,57,80,999,7
25,60,77,949,6
18,51,78,910,6
22,62,86,951,7
27,64,75,999,7
23,59,84,865,7
27,59,85,873,7
25,62,85,868,6
26,52,89,988,7
27,60,83,979,7
23,51,77,912,6
25,52,82,921,7
26,59,88,948,6
20,64,88,981,7
20,54,86,926,6
19,58,90,985,6
22,50,82,972,7
23,64,84,954,7
25,55,89,967,6
20,54,78,970,6
20,54,77,902,7
26,63,86,954,6
25,50,84,960,6
21,65,78,999,7
27,64,82,956,6
18,57,89,943,7
22,59,80,965,7
24,54,89,893,6
27,65,81,915,6
18,63,84,972,7
25,62,82,942,7
26,61,85,975,7
24,58,77,957,6
18,51,78,970,6
18,53,90,873,6
21,54,82,969,7
24,52,82,993,7
25,51,89,975,6
26,60,80,956,7
26,55,79,982,7
21,50,83,988,7
22,61,79,924,7
22,63,83,959,7
27,55,81,957,7
18,57,88,952,7
21,59,86,930,6
18,53,80,961,7
22,56,81,985,6
22,64,85,910,6
23,59,75,992,7
21,59,76,916,6
19,61,86,963,7
25,63,82,875,7
20,56,79,890,7
20,58,86,1000,7
23,65,81,986,7
26,62,88,919,6
22,59,80,923,6
26,54,77,869,6
22,52,79,974,6
19,57,81,969,7
19,56,75,860,7
21,61,75,939,6
19,52,81,940,6
21,51,80,944,6
26,54,89,887,7
22,54,84,864,6
19,64,84,984,7
22,57,75,960,7
25,50,77,967,6
21,59,82,906,7
21,64,79,861,7
24,61,88,888,7
25,58,78,876,7
25,56,81,905,6
21,54,87,904,7
22,57,76,869,7
23,57,89,870,6
18,57,89,867,6
22,52,89,879,6
23,57,75,993,6
20,56,78,863,6
22,57,87,990,7
21,61,78,877,7
25,60,88,939,6
23,52,80,897,6
23,56,82,942,7
26,54,76,986,7
23,61,83,961,7
24,63,77,950,6
20,65,78,893,7
21,53,79,910,6
25,65,83,948,6
23,60,85,887,6
18,62,83,969,6
20,52,89,988,7
21,65,81,994,7
19,59,78,860,7
23,56,77,945,7
19,52,76,957,6
23,65,75,895,6
20,56,78,989,7
27,55,76,911,7
20,55,85,995,7
27,62,76,999,7
22,55,83,962,6
27,56,83,989,6
19,63,78,953,6
24,61,80,884,6
23,62,79,973,7
22,63,84,937,6
26,54,85,979,6
19,50,79,871,6
22,64,82,971,6
26,56,82,870,6
25,62,76,903,7
27,64,79,979,7
19,62,79,997,7
20,60,89,875,7
24,55,84,968,6
21,64,81,946,7
21,56,89,932,7
18,63,77,990,6
25,52,77,952,6
18,56,75,937,6
22,58,88,913,6
24,64,88,872,6
20,63,83,865,7
22,55,88,998,6
26,50,80,885,6
24,65,89,943,7
24,60,82,902,7
25,50,82,942,6
25,56,89,986,6
22,53,77,953,6
22,56,78,878,7
22,53,81,986,6
24,56,80,875,7
26,50,77,963,6
20,64,90,919,7
19,61,85,982,6
19,63,77,977,7
24,64,77,915,7
19,56,89,909,7
22,54,88,971,6
20,53,90,968,7
23,57,86,877,6
18,64,77,978,7
21,64,77,903,7
18,53,85,894,6
26,59,77,906,6
19,63,85,953,6
26,54,78,920,7
18,52,81,884,6
21,61,90,983,6
25,58,79,893,6
18,56,82,902,7
22,55,89,985,7
23,57,78,994,6
20,50,84,989,7
26,50,81,947,7
19,58,83,882,6
18,63,87,933,6
26,62,82,872,6
23,52,89,907,7
21,61,86,907,6
19,65,81,978,7
21,57,88,871,6
27,55,90,980,6
27,50,82,947,7
24,56,76,937,7
21,55,84,884,7
25,51,90,905,6
19,59,78,995,7
24,55,87,986,6
27,58,88,975,7
21,52,75,948,6
24,64,81,973,7
20,64,83,901,6
22,64,86,919,7
27,53,88,977,6
24,63,76,988,6
22,50,77,930,6
20,64,80,942,7
25,52,88,914,7
27,52,83,904,6
23,64,80,989,6
27,57,83,964,7
27,56,80,940,7
26,56,86,946,7
20,58,84,909,6
19,52,86,877,7
24,63,82,907,6
18,65,86,906,6
21,65,75,966,7
18,57,81,864,7
19,55,75,954,6
18,56,84,871,6
26,63,85,953,6
25,51,88,975,7
20,60,82,863,7
26,65,87,925,6
19,57,90,957,6
22,54,79,886,7
18,52,80,913,7
22,60,81,944,7
26,57,90,895,7
22,60,90,908,7
23,61,76,972,7
21,64,81,942,6
26,54,75,884,6
26,60,76,951,6
19,52,88,860,7
22,51,80,866,6
26,53,76,961,6
18,50,77,987,6
25,62,87,906,7
22,65,86,889,7
26,64,83,959,7
19,65,80,920,6
19,65,90,876,7
20,55,89,973,7
18,59,77,864,6
18,50,77,888,7
26,63,81,953,6
23,62,75,882,6
25,61,88,873,6
24,53,83,996,6
23,62,79,976,7
18,50,87,898,6
18,78,76,1750,8
16,71,80,1602,8
19,71,83,1907,8
18,71,82,1439,6
15,67,80,1534,7
15,74,75,1725,7
15,69,75,1385,7
16,75,81,1648,7
17,66,84,1874,6
16,69,76,1755,6
15,82,75,1774,6
17,82,83,1823,8
15,80,79,1839,8
15,73,83,1504,6
18,69,79,1768,8
15,66,80,1789,8
17,79,82,1549,8
18,75,80,1572,6
15,70,81,1878,6
18,81,75,1730,6
16,69,85,1483,7
16,82,85,1993,6
19,70,75,1539,6
17,68,79,1904,6
18,79,80,1381,7
18,74,80,1465,6
16,80,84,1411,8
15,70,78,1526,7
18,78,78,1627,7
19,69,77,1443,8
17,83,82,1765,6
19,71,83,1652,8
17,65,75,1858,7
16,82,77,1589,8
19,82,76,1417,6
17,81,83,1405,6
15,80,82,1588,8
16,74,83,1945,7
17,72,81,1771,6
18,72,78,1783,6
15,78,79,1647,6
19,76,84,1921,7
19,76,80,1454,7
18,70,79,1903,8
18,75,77,1873,6
17,76,76,1824,7
19,81,79,1748,7
18,82,75,1980,8
19,76,77,1441,6
16,79,80,1603,7
15,75,80,1500,6
17,79,75,1847,8
17,71,80,1904,6
17,77,75,1957,8
17,72,75,1826,7
16,78,77,1406,6
15,83,80,1805,6
18,71,77,1990,7
15,80,80,1702,7
17,75,80,1512,8
19,73,84,1352,6
19,81,83,1859,6
15,71,83,1980,6
19,66,81,1648,8
15,67,79,1480,7
16,76,85,1638,8
17,70,81,1702,6
17,76,78,1796,8
17,80,79,1955,6
19,70,81,1426,7
15,68,80,1731,8
18,78,81,1495,6
16,74,77,1905,7
19,73,76,1977,6
16,68,81,1875,8
17,73,75,1874,8
17,81,83,1493,7
18,80,75,1852,8
19,82,81,1885,8
17,78,85,1429,8
19,66,84,1415,6
17,71,77,1538,8
17,70,80,1916,8
15,68,76,1775,8
15,80,76,1495,8
18,81,80,1913,7
19,72,85,1947,7
19,83,76,1914,8
15,67,76,1513,7
15,80,79,1470,8
17,74,76,1491,6
19,67,78,1613,7
18,78,80,1640,6
17,71,81,1736,6
17,67,81,1406,8
18,72,76,1619,6
15,69,81,1771,8
17,71,81,1427,8
15,73,78,1821,8
15,73,76,1944,6
19,77,82,1939,7
17,83,78,1786,7
19,77,84,1423,8
17,76,77,1511,7
16,68,78,1380,8
16,65,76,1413,7
19,78,84,1915,7
19,66,80,1789,8
18,78,80,1889,6
16,75,76,1586,7
19,68,83,1372,6
16,83,85,1515,8
15,79,82,1566,8
19,68,82,1750,8
17,81,76,1690,8
16,81,84,1863,8
17,67,83,1992,8
16,83,85,1841,6
18,70,82,1673,6
18,75,84,1886,8
19,69,75,1819,7
15,67,80,1861,7
18,82,77,1829,8
18,76,81,1547,7
15,82,80,1573,8
16,66,79,1888,8
19,76,85,1672,7
16,67,83,1919,8
18,68,75,1785,8
15,76,75,1664,8
15,66,80,1705,6
16,73,77,1452,7
15,69,77,1697,7
16,76,84,1664,7
16,75,84,1895,6
17,75,80,1669,8
16,81,75,1804,6
18,79,75,1681,6
15,79,83,1651,8
17,77,83,1620,8
16,77,80,1616,6
17,68,76,1436,7
19,68,85,1996,6
16,77,81,1591,8
18,65,76,1468,8
17,76,84,1885,7
17,72,76,1836,7
15,75,81,1966,8
15,68,78,1779,6
17,81,81,1635,8
18,81,85,1667,8
15,68,84,1588,8
19,79,82,1573,6
16,79,77,1462,7
15,70,79,1841,8
15,70,82,1835,8
18,65,82,1812,7
16,79,84,1484,8
16,65,82,1888,8
17,81,84,1580,7
19,71,80,1783,7
19,77,79,1383,6
15,82,83,1864,6
17,71,85,1621,7
19,70,80,1800,6
18,67,85,1539,6
17,79,77,1354,8
16,71,79,1784,6
17,73,85,1773,7
18,82,81,1446,7
18,68,75,1396,8
15,78,78,1974,7
18,75,82,1550,6
16,74,81,1885,7
19,82,76,1994,6
15,78,75,1833,7
17,70,77,1595,8
18,77,78,1998,8
16,68,82,1656,8
19,71,83,1845,6
19,79,76,1453,6
18,74,79,1467,8
15,76,82,1817,8
18,72,85,1523,7
16,83,84,1949,6
16,66,83,1728,6
19,73,77,1388,8
19,70,75,1473,8
18,73,84,1604,6
19,69,77,1868,7
17,77,85,1546,8
18,77,82,1776,6
16,78,83,1866,8
19,81,84,1796,7
16,81,84,1367,8
16,75,76,1526,6
18,74,84,1865,8
19,81,77,1859,8
17,81,80,1542,8
17,75,76,1562,6
16,69,77,1651,8
18,73,80,1814,7
17,67,80,1525,7
19,82,82,1732,7
19,72,82,1685,8
17,69,85,1476,8
19,73,77,1960,8
17,68,76,1528,8
17,77,80,1853,7
18,73,79,1609,8
17,81,85,1573,6
18,65,78,1540,6
18,72,84,1759,8
17,83,78,1599,8
16,70,81,1706,7
15,69,82,1649,7
18,81,85,1991,8
15,83,77,1722,6
18,70,85,1982,6
19,77,81,1960,7
19,66,75,1954,6
16,71,77,1693,7
16,83,84,1625,7
17,67,84,1926,6
17,66,85,1472,7
16,79,77,1481,8
17,75,85,1773,6
19,71,81,1506,7
15,83,75,1643,6
18,71,79,1753,7
15,76,75,1887,8
17,76,78,1517,8
16,69,84,1598,6
16,77,83,1788,6
15,81,85,1802,7
18,72,80,1724,7
17,77,82,1772,7
18,77,80,1483,6
18,70,79,1844,8
15,70,83,1519,8
15,83,78,1383,8
17,74,75,1667,6
16,80,82,1953,7
16,67,78,1610,7
15,75,82,1548,7
19,76,85,1585,8
15,72,82,1785,8
17,71,80,1710,6
17,73,75,1841,6
16,69,83,1560,8
17,75,79,1438,8
17,75,83,1903,6
19,74,83,1686,8
18,77,85,1983,7
17,73,75,1670,8
15,80,79,1632,6
19,73,79,1693,6
15,72,75,1938,6
16,83,85,1983,6
17,75,82,1437,6
18,66,82,1722,7
17,67,75,1894,6
15,68,85,1535,7
15,75,85,1438,8
19,70,80,1650,6
18,68,81,1988,6
18,74,76,1870,8
18,83,85,1669,7
19,73,84,1622,7
19,75,75,1372,8
19,79,85,1519,8
16,78,80,1475,6
19,78,83,1905,8
19,75,84,1452,8
19,77,76,1846,7
19,67,75,1987,7
15,69,84,1482,7
18,66,84,1913,8
19,65,83,1605,8
15,78,83,1782,7
17,83,83,1482,6
15,78,85,1588,7
16,75,85,1645,7
17,65,75,1532,6
17,67,81,1689,8
16,69,75,1576,8
16,76,85,1628,8
17,83,83,1615,8
16,66,80,1795,6
17,80,85,1870,8
17,80,85,1372,8
16,78,75,1910,6
16,74,76,1700,8
18,65,77,1882,7
17,83,80,1667,7
17,76,81,1970,8
15,83,78,1585,6
16,66,80,1959,7
19,66,75,2000,7
16,66,75,1679,6
19,74,77,1751,6
16,70,85,1883,6
15,78,75,1609,6
18,75,83,1836,6
17,78,85,1760,7
17,70,80,1754,7
16,67,76,1795,8
18,67,81,1525,6
18,77,84,1999,8
15,71,75,1421,8
16,76,75,1648,7
17,80,78,1664,8
18,78,77,1713,6
19,80,77,1474,8
17,79,82,1822,8
16,83,79,1606,6
18,73,78,1671,6
19,83,80,1835,6
17,68,85,1611,7
17,70,81,1735,6
16,79,85,1746,8
16,77,81,1439,6
19,78,81,1657,7
15,75,80,1672,7
19,72,82,1532,7
19,69,82,1373,8
19,79,82,1576,8
16,78,80,1357,8
18,73,77,1540,7
19,71,84,1593,8
19,83,76,1535,7
17,81,84,1596,8
17,72,77,1702,7
19,72,75,1793,8
15,77,77,1982,7
16,77,77,1822,8
17,77,76,1516,8
19,77,82,1626,8
15,68,76,1667,8
19,71,78,1510,7
16,77,80,1863,8
18,70,84,1624,6
15,65,83,1757,7
15,74,77,1580,6
19,70,82,1687,8
16,71,85,1907,8
15,65,80,1387,6
18,83,81,1768,7
15,79,75,1655,6
17,65,76,1476,8
19,65,75,1800,7
18,83,76,1801,7
18,81,78,1551,7
17,83,85,1493,7
18,79,81,1540,8
18,78,76,1905,6
19,81,85,1951,6
17,71,80,1994,6
19,65,75,1947,6
18,73,85,1462,8
17,66,81,1959,7
17,83,82,1707,6
18,82,78,1441,6
15,70,80,1715,6
15,69,80,1478,7
17,69,81,1535,8
18,77,83,1474,6
17,81,75,1894,7
16,68,80,1810,7
18,67,85,1417,8
15,80,83,1442,6
18,79,81,1604,7
19,74,82,1783,8
18,77,83,1613,6
17,68,82,1981,7
16,74,77,1563,6
17,69,79,1947,6
15,72,82,1907,8
19,81,82,1791,6
18,81,84,1784,6
18,76,81,1474,7
15,76,80,1561,7
19,66,83,1858,6
15,66,76,1350,8
18,65,85,1685,6
19,72,77,1971,8
17,80,75,1835,8
15,66,81,1587,8
16,68,76,1913,6
18,78,76,1516,8
17,71,76,1921,6
15,77,83,1515,6
17,81,82,1781,6
18,73,85,1673,7
16,67,79,1449,8
17,79,77,1967,6
19,76,84,1376,6
16,65,84,1719,8
18,80,78,1846,8
19,73,83,1551,6
32,75,85,1154,5
27,73,85,1200,5
31,80,78,1488,7
27,80,83,1076,7
31,75,84,1175,7
26,80,79,1348,7
26,74,82,1215,5
30,82,85,1351,5
31,72,85,1454,6
29,76,78,1089,7
28,72,84,1081,7
29,79,85,1204,7
28,74,82,1196,5
30,77,80,1281,7
31,72,80,1435,7
28,79,78,1193,5
28,74,78,1346,7
32,80,78,1109,6
27,79,82,1484,7
26,72,84,1276,7
27,74,84,1285,6
29,74,84,1190,5
31,78,79,1367,6
32,79,84,1355,5
26,77,81,1035,5
27,75,78,1354,7
27,80,82,1323,6
26,82,84,1272,5
32,81,80,1208,6
32,77,78,1262,5
30,80,81,1306,5
29,74,83,1207,5
26,77,78,1188,7
27,81,84,1207,5
26,81,85,1040,7
32,75,82,1140,7
27,73,79,1397,6
32,73,85,1215,6
29,73,81,1312,6
32,75,78,1380,5
29,79,81,1500,6
30,81,78,1474,7
26,80,80,1463,6
30,82,79,1370,7
31,72,85,1493,7
27,79,78,1431,6
28,79,82,1286,5
32,79,79,1025,6
27,73,81,1322,7
29,74,78,1078,5
32,79,83,1424,5
32,79,81,1483,5
30,76,81,1249,7
29,74,83,1175,6
29,78,81,1072,6
31,80,85,1127,6
30,72,85,1429,6
28,76,85,1468,6
32,82,80,1394,7
27,77,83,1147,6
27,76,78,1344,7
32,82,83,1115,6
32,81,85,1450,7
32,72,85,1137,7
32,77,80,1482,5
26,73,84,1259,5
30,78,78,1252,7
28,81,78,1355,6
31,82,84,1069,7
32,80,80,1287,7
28,76,81,1026,7
26,80,82,1324,7
26,77,83,1190,7
27,81,80,1318,7
28,82,81,1301,5
26,75,78,1316,5
26,82,81,1053,5
26,72,82,1265,5
29,76,84,1406,7
30,77,79,1326,7
31,73,81,1028,5
26,77,85,1291,5
30,82,84,1027,7
27,77,80,1095,6
29,82,82,1217,5
28,73,84,1314,7
27,75,83,1044,7
30,77,79,1478,7
30,81,79,1064,5
26,75,84,1439,5
31,73,78,1217,5
31,74,79,1290,6
27,82,81,1240,7
26,81,83,1197,7
32,73,81,1261,6
29,78,78,1477,6
30,80,81,1369,5
32,78,80,1387,5
27,81,78,1113,7
32,76,83,1444,6
27,74,78,1410,5
32,78,78,1057,5
32,74,79,1307,5
30,82,82,1087,5
26,80,79,1456,5
29,82,81,1467,7
27,76,85,1285,5
31,76,84,1040,5
32,79,84,1229,6
28,74,78,1106,6
32,72,85,1399,6
27,82,85,1044,5
26,81,84,1447,6
31,76,81,1405,7
29,74,85,1031,5
32,81,78,1343,7
32,78,83,1341,7
32,74,80,1332,6
28,79,82,1222,7
29,79,83,1388,6
26,74,78,1480,6
31,75,79,1150,5
31,77,78,1243,6
27,73,82,1138,7
32,78,79,1181,6
29,76,83,1203,7
27,72,81,1102,7
32,78,78,1496,5
27,76,79,1205,5
27,73,83,1106,6
30,78,81,1470,6
26,76,80,1314,7
31,80,79,1415,5
32,72,82,1059,7
28,77,84,1313,7
32,73,81,1284,6
28,73,79,1414,5
32,82,85,1486,6
29,72,83,1185,5
28,75,81,1042,6
30,73,84,1171,5
28,79,79,1121,7
29,80,85,1073,7
30,74,80,1462,7
30,73,84,1120,5
30,79,78,1335,6
30,75,85,1188,6
26,80,83,1049,7
27,78,83,1492,7
29,74,82,1289,6
31,76,84,1134,5
30,77,80,1161,7
30,72,85,1312,5
31,79,80,1104,6
26,73,80,1167,7
29,77,78,1366,7
28,81,79,1228,7
31,77,85,1188,7
28,72,78,1316,5
32,82,85,1055,5
30,75,78,1070,6
32,78,82,1426,5
30,76,81,1352,6
28,79,83,1149,7
30,76,81,1347,5
26,75,81,1183,5
32,82,82,1382,7
28,72,83,1490,6
30,76,83,1097,6
30,73,80,1393,7
26,78,83,1475,6
26,77,84,1346,7
28,75,82,1208,6
30,73,82,1056,6
27,78,85,1312,5
32,82,81,1358,6
31,79,78,1144,7
26,74,80,1471,6
28,72,80,1432,5
27,75,84,1175,5
27,73,79,1181,7
31,78,81,1030,7
27,73,81,1162,6
29,74,79,1410,5
31,79,80,1311,6
30,77,81,1027,5
30,79,82,1417,5
26,80,82,1307,7
27,77,82,1415,7
29,77,85,1156,6
27,75,78,1342,5
27,77,85,1215,6
27,73,81,1378,6
32,78,84,1260,7
28,74,81,1390,7
31,80,83,1409,5
32,75,82,1262,6
29,79,83,1077,5
28,73,82,1324,7
26,79,84,1236,6
30,72,84,1320,7
28,77,84,1239,5
30,80,84,1287,6
27,78,85,1204,7
31,78,80,1188,6
26,77,85,1383,7
27,76,78,1120,5
30,74,85,1189,5
26,79,85,1362,6
30,72,83,1275,5
28,74,78,1264,6
28,81,84,1103,5
27,74,84,1426,7
26,74,81,1413,7
32,73,82,1179,7
32,72,81,1233,7
32,80,79,1094,6
30,74,81,1074,7
26,72,78,1113,6
32,79,83,1027,7
28,79,82,1371,6
26,75,85,1476,5
30,75,84,1465,6
27,74,83,1313,6
26,72,83,1329,6
32,82,84,1124,5
32,81,82,1447,6
27,72,79,1116,5
28,75,85,1481,6
31,74,80,1171,6
32,76,85,1374,7
30,82,84,1337,7
31,72,83,1492,5
28,75,82,1488,7
26,79,79,1312,7
31,73,78,1463,5
28,78,81,1287,6
26,78,84,1366,5
32,81,82,1055,6
30,74,78,1411,6
26,77,82,1071,5
31,74,85,1048,7
26,73,84,1346,7
28,73,81,1124,7
29,75,85,1385,7
31,80,80,1457,7
31,81,82,1080,7
31,75,83,1041,7
31,81,83,1453,7
31,77,83,1044,5
30,81,85,1199,5
29,77,83,1220,6
29,80,79,1417,7
32,75,79,1060,7
26,79,79,1441,5
30,81,85,1428,5
31,81,80,1350,7
27,80,85,1298,7
32,78,79,1416,6
32,76,81,1093,6
32,74,78,1276,6
28,78,84,1334,5
29,73,79,1446,6
32,73,83,1368,6
32,82,82,1262,7
29,76,85,1238,7
31,80,81,1060,7
29,74,78,1225,6
29,73,80,1045,7
30,81,79,1171,6
32,79,83,1111,6
28,75,82,1257,5
27,80,79,1048,6
28,81,84,1235,5
31,79,83,1277,7
27,73,78,1098,7
27,73,84,1326,5
27,73,82,1287,5
26,72,84,1362,5
32,75,80,1120,5
27,73,81,1270,6
31,72,84,1411,7
31,79,82,1036,7
28,78,83,1324,5
32,82,79,1256,6
32,79,81,1254,6
27,72,84,1345,7
26,78,80,1403,7
28,79,79,1195,7
32,75,84,1137,6
26,77,79,1256,5
31,77,81,1263,5
31,72,84,1127,7
26,82,82,1025,6
27,78,79,1132,7
30,76,80,1166,5
30,79,79,1140,5
30,73,78,1361,5
31,78,81,1296,5
31,77,80,1425,5
31,74,84,1354,5
32,77,78,1359,7
29,82,79,1246,7
26,78,78,1251,7
32,80,85,1329,5
28,74,80,1332,7
28,75,84,1034,7
32,74,82,1132,6
30,75,83,1228,5
27,72,78,1191,6
29,73,78,1264,5
31,75,83,1056,6
31,73,78,1451,5
27,72,79,1132,6
31,82,79,1294,5
28,76,80,1266,6
31,78,85,1086,7
28,79,78,1133,5
27,79,80,1253,7
28,75,82,1424,5
29,75,81,1191,7
29,74,79,1496,5
30,75,81,1112,5
29,79,79,1406,7
28,81,83,1268,5
30,73,82,1020,7
32,76,84,1091,5
30,75,84,1338,5
32,82,83,1082,7
32,79,80,1326,5
26,78,81,1416,5
30,79,83,1476,7
31,82,81,1458,6
30,80,81,1155,5
32,77,83,1480,5
26,81,81,1463,5
30,81,82,1210,6
28,80,78,1101,5
26,75,82,1261,7
27,73,79,1480,6
27,75,81,1441,6
32,78,83,1260,6
26,77,78,1386,5
26,81,82,1046,6
27,76,82,1161,7
30,73,82,1475,5
27,74,82,1112,7
29,72,84,1025,5
29,74,83,1078,5
27,76,84,1452,7
27,75,82,1381,7
30,77,81,1078,5
30,76,81,1432,7
27,78,81,1396,6
29,75,80,1405,5
26,72,81,1313,6
28,72,81,1487,7
27,74,84,1419,7
32,73,81,1261,7
30,81,84,1033,7
32,79,81,1302,7
32,78,79,1198,6
31,75,78,1208,6
32,78,78,1475,6
26,78,85,1099,7
30,74,80,1057,5
28,77,80,1068,5
32,78,78,1230,7
29,76,82,1395,7
32,81,85,1266,6
27,74,84,1200,5
28,77,84,1433,7
31,78,79,1451,6
26,77,81,1174,6
29,72,79,1420,6
26,74,78,1130,6
31,75,79,1245,7
31,80,84,1022,5
32,73,83,1284,5
26,81,82,1059,5
31,82,84,1287,7
32,82,79,1303,6
32,80,80,1357,6
27,75,83,1316,7
26,72,79,1248,6
32,78,79,1408,6
31,76,78,1310,7
27,78,84,1400,7
30,79,85,1394,5
26,82,84,1241,7
28,77,84,1223,6
28,73,85,1280,5
30,74,83,1028,6
26,72,78,1228,5
31,80,81,1267,6
32,78,79,1042,7
28,81,78,1110,7
31,82,84,1020,7
28,82,81,1438,6
28,80,83,1149,7
34,92,70,1032,5
26,69,69,1218,4
25,67,74,1071,6
24,71,72,1085,6
33,75,70,1197,4
38,67,67,1247,5
31,90,72,1161,5
27,86,68,1288,6
28,73,75,1259,4
34,68,75,1166,6
29,79,74,1284,5
26,86,66,1278,5
29,64,75,1266,5
36,70,70,1092,6
28,69,75,1128,4
38,61,73,1246,5
24,92,67,1160,4
36,71,71,1219,5
35,68,70,1141,6
25,69,66,975,6
36,65,66,1131,5
36,69,67,953,4
33,65,65,1012,5
36,83,67,1152,6
28,83,66,1001,5
25,81,67,1101,6
31,93,70,1118,6
31,64,73,1048,6
24,79,75,1109,6
31,60,73,1216,4
36,87,73,1225,4
36,79,67,1246,6
31,73,71,1282,6
36,75,68,975,4
33,66,70,1280,6
35,75,73,962,4
27,71,75,1081,6
26,83,72,1269,5
24,93,71,1113,6
26,83,67,1045,6
24,85,75,996,6
36,68,74,1131,6
31,87,73,1163,4
26,72,72,1092,5
27,66,74,1136,4
36,81,72,1007,5
32,94,69,1073,6
36,86,71,1185,6
36,89,67,1005,5
38,65,71,952,6
32,70,65,1137,5
32,63,75,1001,6
35,88,66,1191,5
38,84,66,972,6
34,91,74,1194,5
37,87,75,1216,5
27,69,69,1052,5
30,65,70,1277,4
38,84,66,1239,6
34,94,68,1046,6
35,86,67,1120,4
29,61,67,1294,6
31,70,68,1115,6
26,95,66,1019,6
34,94,70,1144,6
26,62,69,1130,6
33,71,68,1196,5
31,77,71,1049,6
25,88,75,1031,5
32,91,66,975,4
38,74,68,991,5
35,82,72,1255,4
32,81,72,1086,4
32,94,73,1187,6
38,84,65,1052,6
28,64,69,1035,4
28,81,68,1139,6
36,95,71,999,5
31,85,67,951,5
29,76,69,1260,5
29,73,65,1296,6
27,93,75,965,4
25,60,72,1055,6
28,75,74,1193,6
25,91,67,1073,5
35,69,69,1196,6
24,93,70,1233,5
30,80,70,1290,6
26,90,66,1224,4
30,76,65,1220,6
38,71,73,1066,4
37,62,65,1264,6
37,89,74,1065,4
24,62,65,1264,5
26,62,73,954,5
35,87,73,1246,4
38,68,72,1124,4
36,71,68,957,5
32,83,74,1113,6
26,62,68,1018,4
33,86,68,1197,6
29,72,70,1169,5
34,95,74,1011,5
27,71,69,1157,4
28,92,67,1285,5
24,84,66,1102,6
33,86,69,1261,5
33,76,75,1159,6
24,64,74,1182,6
33,71,74,1191,6
31,68,71,1231,6
34,86,65,963,5
24,76,69,1047,6
30,65,68,1161,6
38,85,74,1099,5
28,90,69,968,5
30,76,65,1090,4
35,72,73,963,6
37,87,68,1164,4
34,79,66,1252,6
38,82,75,1180,4
33,89,72,1158,5
29,86,65,1148,4
38,95,68,957,4
28,66,69,1195,4
31,85,75,985,6
35,68,72,1061,6
25,91,69,1006,6
36,76,67,1028,4
37,94,73,1035,6
38,84,69,1009,4
31,60,65,1094,5
26,62,67,1283,5
35,75,65,1253,5
35,82,69,1092,4
33,92,71,1249,4
29,66,72,1235,6
25,69,70,1075,4
37,64,72,965,5
34,70,67,1258,4
31,74,69,1221,4
28,75,75,1149,6
25,79,70,977,4
34,69,69,1010,6
33,66,65,1168,5
28,64,66,1226,5
32,72,70,1031,4
36,62,74,1099,5
32,87,68,1183,5
28,79,71,1039,6
31,74,66,1120,4
32,80,71,990,5
35,84,67,1058,6
34,95,66,1281,5
26,66,68,1176,4
27,88,72,1035,5
32,89,65,1020,6
37,67,69,1279,5
26,63,72,1017,4
24,86,73,991,5
36,69,72,996,6
35,63,69,1008,4
27,88,75,1294,5
27,91,69,1228,5
29,87,65,983,5
33,68,69,1030,6
32,95,65,956,6
35,84,68,1081,6
25,68,68,1243,4
31,66,70,1076,4
33,86,70,1190,4
29,94,65,1249,4
30,94,73,1235,4
27,76,68,970,5
27,86,73,1219,4
25,82,67,1286,6
29,94,66,1080,6
37,74,74,1275,6
32,73,66,1134,4
36,85,72,1249,4
32,71,65,982,6
31,89,66,1082,6
36,62,65,993,6
38,71,75,1060,4
28,62,68,1157,6
36,72,69,996,6
24,91,69,1238,6
30,94,74,1162,4
26,87,71,1202,6
30,93,69,1106,4
26,70,70,1077,5
37,79,68,1284,6
30,82,65,993,4
29,88,74,1051,6
37,75,65,1039,5
26,88,65,1153,4
37,84,73,1068,6
36,73,74,1182,6
29,95,72,1106,6
35,83,74,994,4
31,94,72,1230,5
25,72,71,1059,5
25,84,70,957,6
27,87,74,1261,5
31,60,70,1289,6
26,86,68,1071,4
27,83,73,1196,6
24,74,70,1236,4
30,63,75,1148,6
35,62,70,1084,6
29,64,70,1266,6
32,78,67,1097,4
37,88,70,1292,4
28,95,68,1110,4
30,63,71,1255,4
35,69,73,991,4
36,67,70,1072,5
27,81,75,1215,4
33,78,74,1033,6
33,86,67,1021,4
26,83,68,1275,4
33,86,72,1256,4
29,94,65,1143,6
29,76,73,1233,6
30,83,71,1058,4
33,82,73,1279,6
31,87,69,1013,5
31,69,70,1259,4
28,65,73,1225,5
27,91,74,1083,5
27,90,70,980,4
36,69,68,1229,4
30,82,66,1020,6
35,69,69,952,6
32,81,66,1154,4
27,65,75,1189,4
35,91,68,1027,4
34,67,73,951,4
29,81,72,1076,5
28,89,65,995,4
28,68,72,953,5
27,63,70,1182,4
27,94,69,1145,6
26,64,74,1010,5
26,77,67,1146,5
30,73,71,1185,5
36,79,70,1245,4
32,78,65,1208,6
31,85,69,1255,6
31,87,71,1180,6
33,82,71,1165,6
30,90,74,1215,5
29,79,65,1106,5
36,61,68,1199,6
25,86,72,1015,4
24,74,66,1017,6
38,72,66,1249,5
32,65,73,1113,4
36,72,75,1030,6
38,88,70,1023,6
37,89,73,1273,4
31,75,72,1103,5
26,93,75,1217,6
26,89,67,1023,4
33,62,75,1220,6
28,72,65,1144,4
24,83,66,1190,5
31,76,65,1276,5
35,84,70,1062,4
32,76,66,1268,6
38,90,72,1197,4
29,92,74,1298,4
29,71,65,1219,5
34,74,69,1259,4
25,73,69,977,5
27,64,66,1038,5
27,70,70,1162,6
29,82,73,1057,6
24,89,70,1264,6
26,74,66,1165,6
36,83,69,1166,5
26,73,65,1184,5
37,85,75,1202,5
30,85,75,1291,6
33,69,71,1255,5
34,84,67,1286,5
30,71,74,1038,5
33,74,75,1141,4
36,79,67,1079,4
31,61,67,1279,6
24,60,71,1054,5
24,77,67,1216,5
25,87,72,1074,6
32,86,73,1059,4
32,76,74,1067,4
25,75,67,1284,4
36,67,74,961,5
32,64,69,1227,5
38,88,69,1035,4
33,79,71,1208,6
35,95,72,1216,6
30,95,69,987,6
32,63,67,950,5
25,83,73,1083,4
27,88,71,1164,5
28,95,66,1060,5
37,68,68,1256,5
37,94,66,1126,5
36,86,68,1253,5
26,92,68,1034,4
28,74,75,1063,6
29,94,74,1208,5
29,68,66,1292,6
31,89,72,1224,6
37,61,70,1079,6
35,74,70,1104,6
28,73,75,1259,4
37,86,65,1141,5
35,93,72,1277,6
32,82,69,1062,4
35,79,74,966,5
28,66,68,1048,4
26,82,67,1116,6
26,74,68,1043,5
34,64,73,1221,6
30,86,68,1017,6
36,82,75,1208,6
31,89,69,1028,4
29,84,75,1206,4
38,90,67,1260,6
33,74,73,1146,4
28,78,70,1289,4
31,74,75,1159,4
32,76,66,1273,6
35,89,67,1003,6
38,88,68,1160,5
37,66,71,1062,5
26,71,73,987,6
35,93,70,1199,5
33,91,69,1235,6
34,74,67,985,6
29,89,69,1215,6
36,92,70,1122,6
38,95,75,978,5
34,84,74,1103,6
33,76,67,1099,4
35,92,69,975,5
36,70,70,1283,5
30,67,73,1261,5
27,86,75,1149,5
37,76,74,1222,4
29,87,71,1094,6
34,88,71,1190,5
34,69,74,1218,4
28,81,69,971,6
28,61,71,1210,6
31,91,70,1064,6
34,83,70,1282,6
26,89,67,1213,6
29,83,70,1295,4
30,90,65,1216,5
24,62,72,990,5
36,85,65,1099,6
38,60,70,1100,4
28,84,74,952,4
37,95,70,1232,4
35,78,71,980,5
30,87,71,1162,5
26,92,75,1208,6
37,61,66,1026,6
33,78,72,1144,6
33,84,74,1001,6
30,70,74,1278,5
24,93,73,1220,4
27,81,69,1050,5
34,81,71,1244,6
26,66,65,1019,5
31,77,74,966,6
26,93,70,1003,5
30,91,75,999,6
38,60,70,1022,4
30,63,69,1155,5
34,67,75,1004,6
29,61,65,1288,6
29,80,67,984,4
30,61,66,1206,6
25,95,73,1204,5
30,89,71,1113,4
28,72,66,997,6
27,93,73,1031,5
31,69,75,1068,4
29,88,70,1093,4
33,74,66,995,4
31,93,72,1196,6
28,67,74,1263,5
27,89,72,1238,5
24,72,70,1232,4
27,88,75,1061,5
28,70,65,1187,4
26,89,71,992,5
29,84,78,1792,8
30,88,84,1060,8
32,84,89,1368,8
30,88,85,2145,9
28,85,78,2070,7
29,88,88,2005,8
32,88,79,1777,6
31,88,89,1294,7
27,85,80,2046,7
29,85,84,1168,9
22,88,82,1297,8
24,84,83,1413,9
23,88,90,1553,6
29,87,80,1989,8
32,85,79,1875,7
31,88,86,1529,6
24,86,83,1730,9
23,88,86,1495,7
24,88,87,1488,8
26,85,85,1771,6
30,85,82,1369,9
31,88,90,1960,7
24,87,80,2015,9
26,86,87,1390,7
31,87,78,1547,6
25,88,81,1165,7
32,84,82,1274,6
24,86,88,1064,9
25,85,82,1330,9
26,84,82,1606,6
27,86,84,1679,9
31,86,81,1118,6
29,87,90,1557,6
26,88,89,1431,9
28,88,80,1656,7
27,88,82,1673,6
27,87,82,1469,7
32,85,78,1081,7
31,85,90,1345,7
23,88,78,1511,7
31,88,78,1568,7
26,84,79,2087,9
24,87,87,2190,6
31,87,90,1331,6
23,87,90,1782,6
25,84,86,1958,6
29,85,88,1870,7
25,87,85,1176,6
27,85,81,2117,6
26,86,89,1813,7
28,84,78,2177,9
28,86,81,1841,8
30,84,87,1908,8
29,84,85,1520,6
23,86,86,1602,9
23,86,81,1536,9
29,86,82,1968,7
28,88,77,1397,7
32,88,79,2132,8
22,87,80,1280,7
28,85,78,1611,8
28,87,83,1517,6
26,87,82,1264,6
28,84,88,1697,8
30,87,85,1926,7
22,86,85,1746,6
26,85,87,1195,7
25,84,82,1525,7
29,87,89,1141,8
22,86,80,1969,7
31,86,90,2024,8
25,84,79,1822,8
29,86,78,1985,9
31,86,89,1359,7
22,86,81,1187,9
24,88,90,2178,8
24,87,80,1771,6
30,86,79,2055,9
23,84,85,2177,8
22,85,90,1829,8
26,87,79,1802,9
31,84,80,1267,7
32,86,86,1853,8
28,87,86,1342,7
26,87,85,2058,8
25,87,78,1390,9
27,87,79,1545,8
26,85,89,1336,7
30,86,83,1734,9
23,88,85,1171,9
25,86,79,1081,8
23,86,89,1969,6
27,87,83,1726,9
27,88,83,2069,9
28,84,77,1897,7
22,88,90,1186,6
27,86,78,1467,9
22,85,80,1983,8
24,87,83,1654,6
29,85,89,2180,7
28,86,81,2171,6
26,86,83,1524,8
32,85,85,1758,6
31,87,79,2054,8
26,84,82,1623,8
30,85,87,1424,6
25,86,85,1968,7
28,85,90,2044,7
25,86,85,1779,7
32,84,83,1181,9
30,86,78,1931,6
31,86,86,1822,9
23,87,78,1853,9
29,87,83,1215,7
27,88,81,1615,6
28,88,83,1671,9
30,84,80,1326,9
28,88,88,2006,6
22,87,80,1477,8
22,88,78,1809,7
28,84,81,1735,9
26,85,87,1518,6
22,88,85,1931,7
22,84,81,1051,9
28,88,82,1593,9
22,85,78,1320,6
22,86,86,1126,9
30,85,84,1174,7
24,88,88,1799,9
28,88,87,1546,6
29,84,82,1860,9
25,84,86,1893,8
31,87,86,1052,7
23,86,77,1441,9
24,87,78,1157,7
30,84,83,1728,9
27,88,84,1098,9
25,86,90,1529,9
25,87,89,2000,9
27,85,77,2066,6
29,88,84,1404,7
32,84,79,2160,8
29,88,85,1093,6
29,84,77,1533,9
25,88,90,1987,8
27,86,78,1198,9
28,84,87,2099,9
23,87,80,1622,8
31,85,85,1160,6
32,87,88,1537,9
31,88,81,1462,8
25,88,77,1928,6
28,85,85,1173,8
24,88,83,1593,6
25,84,79,1963,9
29,87,80,2172,9
25,84,83,1936,6
26,86,84,1217,6
32,86,84,1060,8
22,85,81,1538,6
28,86,78,1904,9
32,88,81,2032,7
25,87,89,1959,9
24,85,80,1172,8
31,87,81,1670,6
24,84,81,1212,7
32,86,80,1730,6
32,88,85,1527,6
31,85,79,1702,9
25,88,84,1748,7
32,88,89,1579,9
23,86,87,2125,6
29,87,83,1572,6
28,85,90,1537,6
30,85,88,2090,7
22,85,86,1332,8
22,85,79,1235,9
27,85,84,1874,9
26,84,88,1597,6
24,84,84,1878,6
23,87,86,2143,6
29,88,84,1983,7
24,84,87,2157,6
25,85,78,2198,7
28,87,78,1985,9
22,84,81,1738,8
29,84,85,1731,6
31,86,86,1891,6
26,85,83,1425,9
24,84,82,2084,7
31,85,77,1243,9
23,88,83,1571,6
31,84,83,1476,6
25,87,88,2191,7
31,84,90,1740,9
30,88,90,2136,8
23,87,87,1320,6
22,85,84,1846,8
22,84,82,2007,9
23,85,89,1778,7
26,88,82,1733,6
32,88,80,2102,6
22,88,80,2058,7
32,84,79,1486,8
25,86,86,1699,9
31,87,81,1533,7
31,86,86,1305,8
29,84,82,1648,7
32,84,79,1389,7
28,84,83,1572,9
26,85,85,2040,9
29,87,89,1836,9
27,88,80,1767,9
25,86,90,1407,6
23,88,88,1943,9
25,86,80,1902,9
26,88,86,1548,9
28,85,90,2176,8
24,84,84,2034,8
22,84,81,1560,8
23,87,83,1278,7
26,84,79,1814,9
26,87,89,1306,8
31,86,85,1817,7
28,88,78,1465,7
24,86,90,2056,6
28,88,89,1765,6
29,86,86,1838,7
23,86,83,1195,8
26,86,84,1281,7
28,84,90,1428,8
30,88,88,1943,9
31,85,86,1806,9
24,88,85,1071,6
27,85,83,1742,6
31,87,88,1756,6
31,84,84,1744,8
22,87,80,1493,8
29,87,78,1912,7
26,85,88,1241,8
30,85,86,2009,9
22,85,78,1133,6
24,88,79,1391,7
22,87,81,1568,9
24,88,80,2070,9
26,87,90,1555,7
24,88,87,1893,6
28,85,88,1835,8
31,86,85,1530,7
30,88,87,2019,9
24,86,87,2029,6
31,87,79,2112,8
23,85,77,1721,7
28,85,86,1666,9
30,87,80,1718,8
22,84,89,1960,7
23,88,84,1809,7
28,88,79,2071,8
31,87,79,1785,8
31,88,84,1085,8
23,84,89,1337,7
22,84,79,2062,9
28,84,90,1634,8
31,88,83,1970,8
31,84,82,1857,7
23,87,88,1897,7
28,88,87,1447,9
22,84,83,1985,8
26,85,84,1328,6
30,86,90,1424,9
22,87,89,1693,8
22,88,80,1353,9
29,87,82,1201,9
24,87,85,1205,7
31,84,82,1480,6
25,88,86,1512,8
23,86,83,1465,9
30,84,85,1877,8
30,85,83,1972,9
32,84,85,1578,6
28,87,82,1852,9
27,84,82,1809,8
22,84,80,1248,9
25,87,86,1182,7
22,85,83,1142,8
24,86,85,1324,9
24,87,77,1348,6
26,84,83,1693,7
23,88,79,2033,6
30,87,83,1317,8
31,84,80,1059,8
29,86,80,1363,8
28,87,80,1098,8
27,86,90,1910,9
30,86,90,1404,9
24,87,77,2035,6
24,88,87,1219,8
31,86,77,1256,6
25,88,78,1869,6
22,87,83,1885,8
29,88,90,1201,7
30,88,79,1519,7
23,85,90,1689,6
23,85,81,1936,8
24,85,83,1349,7
25,88,84,1891,8
30,84,85,1163,6
23,85,88,1905,7
28,86,88,1729,8
24,87,85,1575,9
23,88,77,1639,7
25,88,88,1785,8
24,88,77,1560,6
22,86,82,1903,9
25,85,89,1968,7
29,88,84,1061,6
26,88,77,2111,9
32,87,82,2007,7
23,88,87,1474,6
28,87,90,1310,7
32,88,88,1383,8
22,84,80,1396,9
25,86,85,1409,7
30,87,78,1193,8
28,88,82,1809,8
25,85,86,2028,6
28,87,89,1670,7
24,86,78,1899,8
31,86,86,1888,7
25,87,81,1439,7
23,86,80,2169,8
24,86,82,1510,6
26,85,78,1404,6
31,85,77,1561,8
25,88,82,1784,6
23,84,89,1838,9
30,88,84,1399,6
25,87,89,2196,6
28,85,86,2056,8
30,88,81,2144,7
24,85,82,1275,9
27,85,85,1884,8
24,86,89,1975,7
27,86,79,1256,7
31,87,78,1395,9
31,85,81,1646,6
29,87,79,2079,9
31,84,82,1841,8
22,84,81,1057,8
22,85,81,1300,6
29,85,88,1688,7
28,85,80,1100,6
23,86,78,1595,6
26,84,84,1580,7
23,85,77,2039,9
22,86,82,2199,7
30,87,88,1457,6
23,88,80,1835,6
23,88,87,1251,6
26,88,80,2060,8
24,84,84,1430,9
28,88,86,1308,6
28,87,90,1953,7
28,88,90,2181,6
24,84,81,1622,8
26,85,81,1061,7
24,85,86,1814,7
25,84,90,1330,6
26,84,81,1606,7
22,86,80,1489,9
32,88,83,1627,8
28,84,87,1120,7
31,84,86,1330,7
29,86,90,2110,9
27,88,82,1568,8
28,87,83,1760,8
27,85,79,1178,9
29,84,82,1200,7
29,86,80,2197,8
31,88,90,2139,6
26,85,87,1965,8
23,84,78,1687,8
31,88,89,1462,8
29,84,78,2046,9
30,84,84,1363,6
22,88,87,2199,6
27,85,90,1350,9
23,84,88,2161,9
28,87,80,1779,8
24,86,87,1901,7
29,84,86,1984,7
32,88,84,1488,6
32,87,84,1669,7
23,85,85,1601,6
26,86,87,2014,9
29,85,84,1882,6
31,87,86,1945,8
26,85,85,1941,7
23,84,88,1495,8
28,87,78,1118,8
29,99,85,1451,6
28,94,88,1163,6
28,92,80,1647,6
29,100,80,1244,7
21,97,85,1429,7
25,100,80,1454,7
22,92,89,1388,6
24,89,88,1357,7
21,91,90,1474,7
25,89,82,1651,7
25,95,83,1368,6
27,92,80,1301,7
30,92,88,1644,7
22,96,90,1517,7
25,98,84,1139,7
25,96,83,1362,7
28,93,80,1682,6
26,100,89,1565,7
20,100,88,1267,7
29,90,84,1388,7
20,92,89,1177,6
23,91,84,1675,6
21,89,89,1307,7
29,95,83,1266,6
29,89,81,1262,7
20,100,88,1236,6
20,99,86,1545,6
27,92,84,1317,7
20,97,89,1470,7
29,90,89,1294,7
23,99,84,1429,6
24,100,89,1263,6
26,92,90,1677,7
23,89,83,1340,7
30,96,85,1192,7
20,92,81,1374,7
20,100,88,1259,6
20,99,84,1456,7
22,97,85,1500,6
25,94,90,1238,6
23,92,84,1166,7
28,98,86,1211,6
23,95,80,1212,6
24,91,88,1193,7
23,95,84,1455,6
23,99,84,1364,7
24,91,88,1349,6
29,94,87,1680,7
29,97,82,1473,6
25,99,82,1544,7
22,93,89,1632,6
24,97,86,1145,6
29,92,88,1487,7
29,96,80,1413,6
28,90,82,1427,7
27,97,85,1403,6
30,92,90,1499,7
26,100,90,1384,7
26,93,89,1157,7
22,89,81,1156,7
29,95,90,1470,7
26,97,90,1625,7
25,96,90,1333,7
29,91,81,1300,7
25,97,82,1685,7
20,89,84,1186,7
29,90,85,1641,7
23,94,90,1464,6
27,89,87,1487,7
23,99,83,1152,6
26,99,88,1122,6
28,100,80,1421,7
29,96,85,1482,6
30,99,88,1261,6
24,100,82,1450,6
29,92,90,1665,6
30,93,85,1348,7
28,93,84,1503,6
21,99,82,1423,7
22,98,80,1318,6
23,95,84,1670,7
20,89,88,1481,6
28,93,81,1409,6
23,93,84,1671,7
25,99,86,1355,6
22,89,83,1530,6
27,98,89,1275,7
28,95,87,1395,6
26,90,88,1544,7
28,89,86,1249,7
29,93,80,1696,6
28,95,83,1473,6
27,92,90,1667,7
26,94,86,1655,7
20,100,80,1432,6
29,91,84,1591,6
25,92,90,1325,7
30,96,89,1109,7
28,96,83,1452,7
30,97,80,1161,6
24,95,87,1364,6
21,99,82,1147,7
22,90,82,1688,7
30,98,84,1126,7
26,97,89,1296,6
28,97,87,1475,7
21,92,90,1567,7
26,89,88,1618,7
25,94,81,1111,7
29,98,88,1683,7
21,97,90,1449,6
24,94,85,1362,7
28,98,89,1423,6
28,91,86,1602,6
26,95,82,1553,7
20,93,82,1425,7
29,91,80,1484,6
25,92,81,1609,7
29,90,80,1432,6
30,100,82,1627,7
20,89,90,1314,7
29,95,83,1238,6
24,97,87,1443,7
21,89,85,1181,6
30,91,83,1134,7
24,97,86,1164,6
30,89,82,1188,7
22,99,87,1118,7
29,99,80,1474,7
27,95,87,1141,6
20,100,88,1119,7
24,95,89,1142,6
25,91,82,1235,7
24,94,81,1412,7
27,95,90,1245,7
30,95,88,1164,6
27,100,90,1670,6
29,94,83,1337,6
26,94,82,1168,7
29,98,85,1529,7
26,94,88,1415,6
20,91,86,1436,6
21,89,80,1162,6
20,97,86,1377,6
22,95,82,1122,7
25,91,85,1514,6
20,98,86,1151,6
21,100,85,1295,7
23,93,88,1164,7
29,98,90,1406,7
30,89,83,1261,6
22,97,83,1593,7
20,95,81,1169,6
25,96,86,1667,6
24,97,87,1537,6
23,99,85,1547,7
28,90,84,1227,6
23,100,81,1416,7
22,90,87,1373,7
24,99,85,1465,7
28,93,89,1208,6
30,89,81,1265,6
28,94,88,1493,7
26,95,89,1639,6
22,89,84,1115,7
21,100,87,1587,6
30,95,80,1471,6
30,93,89,1681,6
27,95,84,1125,6
22,99,81,1606,7
21,90,86,1648,6
23,91,88,1537,7
22,96,89,1448,7
28,97,89,1462,7
22,99,89,1623,7
24,96,90,1669,6
21,90,88,1193,6
23,100,89,1155,7
22,92,85,1567,7
23,100,87,1363,7
26,95,80,1390,7
21,98,89,1285,6
27,92,84,1683,6
20,92,87,1230,6
24,93,83,1418,6
23,95,82,1533,6
23,100,84,1697,6
21,92,84,1512,6
30,92,86,1215,6
22,97,81,1161,6
25,99,85,1128,6
25,96,82,1378,7
24,96,89,1341,7
20,93,84,1175,6
23,96,88,1694,7
22,90,85,1254,7
26,89,84,1487,6
30,91,85,1630,6
28,100,83,1528,7
26,98,83,1487,7
27,92,88,1676,6
23,100,86,1275,7
27,93,82,1637,7
22,92,82,1689,7
29,93,90,1669,6
28,98,83,1397,6
28,91,80,1192,7
30,96,90,1232,7
25,98,90,1450,6
21,99,88,1528,6
29,99,89,1259,6
27,96,85,1272,6
30,92,80,1531,6
30,89,89,1598,7
22,93,90,1481,6
25,90,86,1122,7
24,93,80,1263,7
29,92,83,1260,6
26,91,81,1207,6
26,90,90,1648,7
29,100,87,1374,7
24,91,90,1576,7
21,99,83,1607,6
22,92,83,1456,6
25,99,90,1343,6
24,90,88,1173,7
28,96,87,1507,6
22,99,90,1275,7
25,99,82,1555,6
24,91,88,1118,7
24,99,82,1661,7
24,100,84,1550,6
20,97,86,1367,7
26,95,82,1619,6
24,92,85,1333,6
30,94,85,1439,6
22,97,89,1649,6
30,99,81,1417,6
28,97,84,1321,7
28,100,82,1524,6
26,98,82,1398,6
25,95,84,1320,6
24,90,89,1397,6
22,91,85,1620,7
29,96,88,1581,7
27,96,81,1298,6
22,92,84,1424,7
20,100,85,1386,7
20,90,86,1202,7
29,97,90,1321,7
29,89,82,1276,7
29,91,85,1305,7
21,89,81,1166,7
26,93,81,1222,7
26,93,88,1425,7
23,94,84,1240,7
24,98,84,1309,7
26,92,88,1591,6
28,90,80,1232,7
20,95,83,1490,6
27,90,90,1375,7
24,92,80,1455,6
29,92,80,1514,6
21,98,82,1430,6
30,91,80,1272,6
30,94,80,1206,7
24,98,87,1199,6
24,94,82,1363,7
23,99,81,1205,6
23,100,83,1534,6
23,97,84,1535,7
20,89,87,1151,7
24,95,83,1587,6
20,91,86,1632,7
29,92,85,1449,6
25,95,82,1300,6
25,90,82,1170,6
30,90,82,1161,7
23,91,88,1346,6
25,90,81,1347,6
29,100,81,1193,6
26,96,85,1306,6
23,95,88,1628,7
22,100,90,1591,7
27,91,86,1215,6
23,99,86,1374,6
30,98,90,1245,6
29,93,89,1292,6
29,100,88,1294,6
29,95,90,1180,7
26,97,89,1565,6
29,89,87,1426,6
29,91,81,1160,7
26,94,80,1133,7
28,99,89,1204,7
22,96,90,1144,7
23,93,83,1565,6
30,97,81,1471,6
28,100,90,1114,7
27,97,80,1675,7
21,91,88,1175,7
20,94,89,1303,6
30,94,84,1424,7
30,94,84,1400,7
24,89,82,1577,6
29,89,81,1405,7
23,99,82,1674,7
27,95,85,1241,6
25,92,88,1699,7
24,99,83,1533,6
26,94,89,1555,6
27,95,81,1469,7
26,89,88,1376,7
24,90,82,1170,6
25,95,86,1670,7
25,89,82,1594,7
21,98,88,1119,7
27,89,86,1270,7
21,93,86,1151,7
27,97,88,1418,7
24,96,82,1484,7
28,96,88,1150,7
21,89,87,1456,6
28,91,90,1546,7
30,97,90,1403,7
28,96,80,1668,6
29,97,82,1397,7
26,94,90,1629,6
22,93,83,1682,6
25,92,86,1109,6
30,92,83,1387,6
25,95,88,1681,7
30,93,88,1686,7
20,100,84,1615,7
26,91,85,1656,6
26,99,88,1139,6
24,100,84,1547,7
22,95,89,1264,7
30,94,89,1700,7
25,99,81,1300,7
30,98,82,1232,7
22,99,87,1524,7
21,99,81,1206,6
22,90,83,1436,6
25,100,85,1315,7
22,100,83,1505,6
26,95,82,1111,6
21,94,90,1240,7
25,92,81,1379,6
24,96,90,1437,6
20,91,81,1370,7
20,93,89,1383,7
22,96,86,1628,6
29,99,90,1333,7
26,94,84,1614,7
23,92,89,1315,6
28,96,88,1102,6
29,94,87,1215,7
21,89,89,1327,7
27,89,90,1508,7
24,100,85,1685,7
21,97,80,1246,6
20,92,80,1398,6
22,97,80,1558,6
21,96,82,1274,7
29,92,85,1665,7
29,98,89,1355,7
29,93,87,1590,6
30,93,85,1607,7
30,94,90,1375,6
22,93,84,1326,6
21,96,88,1494,7
30,89,80,1404,7
28,94,87,1218,6
23,97,87,1191,6
21,99,83,1690,6
21,97,81,1385,7
29,89,89,1340,6
20,91,88,1430,7
28,95,88,1180,7
27,98,82,1196,6
21,91,86,1661,7
27,94,87,1459,7
30,100,84,1394,6
26,91,83,1267,6
27,89,80,1380,6
20,100,85,1698,7
20,100,90,1178,6
21,93,82,1135,7
30,94,81,1537,7
26,97,90,1434,7
26,97,81,1639,7
26,90,86,1644,6
28,99,89,1128,7
23,99,82,1507,7
27,98,81,1529,7
20,90,80,1660,7
23,98,80,1301,6
27,92,85,1158,6
25,92,88,1127,7
2,0,53,23,3
2,51,8,46,0
0,46,50,115,1
7,5,14,43,0
7,24,42,136,3
7,51,48,20,0
6,20,30,82,3
0,51,17,50,4
11,14,49,21,4
6,49,2,31,4
7,7,22,144,0
7,34,6,109,3
9,35,20,161,1
4,22,42,114,2
6,6,28,93,2
10,13,27,71,2
7,24,42,142,3
6,4,33,70,1
0,17,2,177,0
7,46,37,51,2
2,6,14,123,4
8,7,27,4,3
5,6,19,30,3
7,7,11,11,4
1,1,11,9,0
1,40,54,85,4
1,22,30,162,4
0,22,0,92,1
1,15,17,101,3
11,45,3,162,4
1,33,56,10,3
10,45,27,146,3
0,49,40,29,1
7,44,16,168,0
8,35,29,158,2
11,2,4,120,4
4,5,25,157,2
11,0,16,66,0
3,7,0,150,0
7,17,11,74,3
3,36,0,109,1
6,42,0,138,4
0,0,41,78,3
6,40,22,129,3
7,19,14,67,3
8,4,2,98,3
1,16,7,16,3
8,15,20,19,1
2,47,32,184,3
9,10,3,175,1
2,37,27,46,0
4,43,33,122,0
8,37,40,101,0
2,16,53,120,0
5,31,15,159,1
11,28,54,68,2
10,38,45,136,4
1,1,53,122,1
2,51,29,164,2
9,14,18,3,0
0,35,21,60,4
10,47,13,79,2
0,46,34,55,1
0,36,31,47,3
11,36,42,19,1
3,0,14,88,4
7,16,50,184,1
8,5,16,7,1
6,1,32,119,2
1,41,45,43,4
9,4,14,179,1
10,30,43,126,3
11,16,46,18,3
0,43,0,148,4
9,23,23,103,2
7,25,53,198,1
4,17,27,128,0
0,15,30,176,0
4,7,4,66,4
3,12,2,146,2
6,31,54,51,4
10,12,48,182,4
6,34,11,105,4
4,35,10,153,2
11,21,53,136,2
4,35,1,79,4
3,43,35,27,3
2,49,18,186,4
11,28,56,88,2
4,22,47,68,1
5,13,45,70,2
10,14,59,109,1
11,17,1,66,3
8,23,1,196,0
3,8,30,85,4
5,22,26,183,0
3,26,50,192,4
8,38,54,33,2
7,17,23,73,3
1,0,51,62,0
9,33,59,76,3
1,1,32,71,2
2,3,49,119,1
2,35,3,161,4
5,48,33,153,0
0,44,10,25,4
4,37,13,83,3
6,14,7,196,0
1,27,6,127,3
7,28,37,4,0
7,31,44,135,3
7,22,4,126,3
11,17,9,114,0
2,49,51,117,0
3,25,21,163,3
1,25,11,147,2
11,15,34,167,2
0,22,24,14,1
7,20,2,87,4
3,42,28,103,4
0,10,43,122,3
1,13,18,88,4
7,21,44,121,4
3,13,9,52,0
2,43,11,41,3
7,9,25,45,3
0,50,25,134,0
7,12,5,10,4
0,49,51,117,3
5,6,17,61,1
11,34,34,90,2
1,41,37,164,4
0,18,16,25,2
10,2,4,144,2
1,0,59,66,2
6,43,52,94,2
1,36,45,125,3
3,21,9,158,2
7,40,14,6,3
10,11,22,24,4
7,47,23,178,3
0,28,12,36,3
2,5,50,65,3
5,35,5,170,3
3,43,17,0,4
10,32,54,164,3
11,2,54,114,2
9,3,1,114,0
8,12,27,115,1
4,49,45,68,4
8,45,31,38,4
7,14,46,10,2
0,38,33,4,4
9,22,25,91,3
2,3,7,12,2
10,26,18,111,3
8,11,15,197,0
8,24,26,95,2
3,12,21,57,2
0,28,43,63,0
5,11,46,161,1
7,1,12,66,4
5,9,37,101,2
8,32,16,89,4
4,42,8,112,2
1,35,9,168,0
8,21,4,189,4
11,28,34,64,4
8,19,54,193,1
11,5,19,145,2
7,3,29,9,1
11,25,44,196,2
5,20,35,40,2
6,6,14,186,4
6,26,28,14,4
9,14,11,65,2
11,14,15,141,3
9,50,8,53,1
11,26,5,173,0
4,11,7,140,3
9,18,22,187,0
10,47,54,182,4
2,30,41,5,1
8,12,17,103,2
7,22,7,78,2
10,26,30,7,1
10,37,31,93,2
0,3,28,143,2
1,30,59,146,0
10,7,46,24,1
6,46,21,53,4
11,41,11,138,3
9,22,36,68,2
2,33,7,27,1
5,0,22,189,2
10,35,58,142,4
10,48,59,159,1
11,42,1,155,4
0,36,39,91,3
4,8,32,106,4
1,33,52,35,1
11,13,38,114,0
0,45,58,183,0
7,15,4,146,3
11,23,45,131,4
7,49,5,152,1
0,12,14,77,3
3,18,43,6,1
0,48,47,21,2
7,46,17,26,4
0,40,7,184,4
7,24,7,66,3
10,23,51,196,4
0,48,57,50,3
11,6,25,73,1
8,20,36,44,2
9,1,49,26,3
7,40,56,118,0
11,3,25,94,4
7,23,16,49,2
4,15,33,84,1
11,38,26,70,1
7,9,45,138,4
7,42,11,74,3
10,11,44,74,1
6,12,51,41,3
2,34,20,148,1
2,34,43,63,3
4,38,38,186,2
4,5,55,17,0
7,38,24,95,1
5,47,46,89,2
6,12,50,187,0
11,34,53,134,2
11,30,7,161,3
9,37,36,67,4
8,50,31,183,4
11,27,29,4,2
1,13,7,78,2
6,37,22,177,4
2,12,52,198,3
4,30,34,101,2
2,18,47,102,2
1,17,27,9,2
4,22,28,51,4
10,6,8,189,0
0,48,32,94,4
4,17,19,24,1
1,41,4,78,1
9,4,48,44,0
3,15,41,15,3
0,39,27,46,0
11,13,0,66,3
1,38,51,119,2
4,13,17,167,0
4,38,15,8,1
11,35,14,93,3
3,6,9,9,4
7,16,32,124,0
2,41,48,32,1
8,41,22,93,3
11,7,22,77,4
10,28,50,80,4
4,42,18,19,0
5,25,7,123,4
5,30,18,146,2
5,19,18,116,1
6,11,18,1,2
2,6,25,197,1
1,17,40,127,0
2,49,54,32,0
1,29,52,166,1
9,21,34,48,3
1,7,26,104,1
6,5,21,97,1
3,37,51,1,0
8,48,48,164,1
3,21,15,177,3
6,26,4,108,0
1,1,38,12,1
5,35,57,33,2
11,2,46,63,1
6,35,56,180,2
4,49,48,173,0
5,2,19,185,2
8,21,23,153,1
10,27,17,116,2
9,7,43,62,1
1,30,57,33,1
0,48,12,137,1
0,40,18,189,0
5,44,51,13,1
10,27,42,166,1
11,49,54,117,3
8,5,57,83,2
7,45,42,71,4
5,30,48,36,0
11,49,52,181,1
3,23,49,162,3
9,4,29,199,3
0,41,24,124,1
3,7,26,107,0
6,38,2,40,4
0,36,46,3,2
2,9,19,189,2
4,43,4,61,3
1,23,11,141,2
0,35,56,41,4
0,46,32,46,4
4,5,17,11,4
11,34,39,153,4
0,43,9,42,4
5,32,57,116,4
6,43,32,78,4
4,22,45,72,3
3,29,17,172,4
0,31,46,54,3
0,21,33,36,3
5,2,37,42,4
11,28,24,99,0
6,44,43,129,3
5,33,48,100,1
5,45,32,102,0
4,32,56,76,3
7,46,20,152,3
3,36,1,75,4
0,30,10,3,0
1,27,30,79,4
7,15,16,66,1
11,5,47,88,3
5,2,28,109,3
1,39,27,198,1
6,31,58,76,0
6,15,6,57,2
5,20,44,102,4
7,40,9,195,1
11,25,52,128,3
9,21,28,109,3
7,45,40,145,1
8,16,17,130,4
5,3,30,14,1
8,7,51,150,1
2,51,54,179,3
3,20,58,198,4
2,6,45,12,1
5,44,48,32,3
10,17,50,128,0
1,18,28,46,1
10,46,31,40,2
8,36,5,172,3
7,25,8,168,0
7,15,2,58,0
4,3,42,94,0
7,47,31,141,1
1,6,15,12,0
9,40,34,145,3
7,17,23,25,0
7,29,36,43,3
6,24,20,165,4
5,19,38,178,0
6,39,11,100,4
8,51,33,61,3
5,12,38,185,1
8,16,47,107,2
4,3,29,173,2
8,32,22,130,2
8,47,55,196,3
4,42,13,121,4
11,7,5,36,0
6,5,34,28,1
9,47,32,76,2
0,32,33,142,2
10,43,31,41,0
3,6,58,196,4
11,23,59,17,2
3,24,14,124,2
6,42,6,128,3
7,47,28,85,4
0,34,57,174,1
11,37,14,20,3
0,50,3,125,2
11,11,48,74,4
5,34,46,35,4
3,6,8,96,0
11,10,29,163,3
11,17,18,33,2
11,15,15,9,0
8,23,29,22,2
6,44,26,74,0
7,51,27,106,1
2,33,47,10,1
6,48,6,17,0
1,1,30,13,2
4,11,58,173,2
8,4,19,196,3
0,19,29,195,1
8,8,5,152,2
2,1,23,182,4
5,23,44,183,1
0,35,57,59,0
